date,wt,pair,care,mfamily,mid,ffamily,fid,msize,fsize,broodsize,broodmass,avgmass,density,egg,fail,note
20/11/2019,15.65,7,no,24,188,25,2,5.16,4.77,17,1.9989,0.117582353,1.086261981,11,0,
20/11/2019,14.33,7,mid,24,190,25,3,5.18,4.74,15,2.4729,0.16486,1.046755059,27,0,
20/11/2019,14.05,37,no,24,189,25,8,5.52,4.69,0,0,,0,15,1,
20/11/2019,15.61,24,full,39,115,52,9,5.16,4.15,18,3.5154,0.1953,1.153106983,9,0,
20/11/2019,14.4,54,no,36,253,52,11,4.43,4.04,0,0,,0,20,1,
20/11/2019,14.02,4,mid,37,77,35,15,5.06,4.54,27,3.7479,0.138811111,1.925820257,28,0,
20/11/2019,15.34,4,full,37,81,35,19,5.19,4.93,20,3.7419,0.187095,1.303780965,29,0,
20/11/2019,15.35,4,no,37,75,35,20,5.16,4.74,0,0,,0,21,1,
20/11/2019,14.65,13,no,47,43,45,22,4.92,4.86,25,3.114,0.12456,1.706484642,23,0,
20/11/2019,15.21,69,no,48,71,45,23,4.24,4.97,3,0.2452,0.081733333,0.197238659,15,0,
20/11/2019,14.08,13,mid,47,40,45,24,4.05,4.89,29,3.6556,0.126055172,2.059659091,32,0,
20/11/2019,14.53,13,full,47,37,45,25,4.71,3.71,26,4.22,0.162307692,1.789401239,18,0,
20/11/2019,14.68,49,no,35,14,33,29,4.99,4.44,5,0.5512,0.11024,0.340599455,12,0,
20/11/2019,14.25,19,mid,35,16,33,31,4.17,4.65,12,2.3213,0.193441667,0.842105263,26,0,
20/11/2019,14.71,19,full,35,17,33,32,4.42,4.79,22,4.0775,0.185340909,1.495581237,18,0,
20/11/2019,15.43,19,no,35,18,33,33,4.62,4.78,22,3.0431,0.138322727,1.425793908,29,0,
20/11/2019,14.26,11,mid,50,272,47,38,5.36,4.46,21,3.2633,0.155395238,1.472650771,18,0,
20/11/2019,15.76,11,no,50,205,47,39,5.54,4.75,0,0,,0,29,1,
20/11/2019,14.71,68,no,51,262,47,42,4.85,4.43,0,0,,0,11,1,
20/11/2019,14.08,11,full,50,201,47,44,4.64,3.76,19,3.7862,0.199273684,1.349431818,17,0,
20/11/2019,15.25,33,no,28,59,30,45,5.4,4.75,29,3.6009,0.124168966,1.901639344,25,0,
20/11/2019,14.26,3,no,28,63,30,46,5.51,4.2,0,0,,0,22,1,
20/11/2019,15.01,3,mid,28,61,30,48,5.41,4.62,31,4.1349,0.133383871,2.065289807,32,0,
20/11/2019,15.37,3,full,28,62,30,50,5.2,4.06,18,3.4633,0.192405556,1.171112557,20,0,
20/11/2019,14.92,14,no,45,28,41,53,4.88,4.69,0,0,,0,22,1,
20/11/2019,14,44,no,54,259,41,54,5.24,5.18,38,4.471,0.117657895,2.714285714,28,0,
20/11/2019,14.83,14,full,45,27,41,55,4.81,5.28,22,4.0761,0.185277273,1.483479434,24,0,
20/11/2019,15.24,14,mid,45,21,41,56,5,5.16,6,1.0107,0.16845,0.393700787,10,0,
20/11/2019,14,35,no,29,212,28,60,4.96,4.75,0,0,,0,16,1,
20/11/2019,15.53,5,no,29,210,28,64,4.84,5.3,6,0.374,0.062333333,0.386349002,29,0,
20/11/2019,14.57,5,full,29,216,28,65,5.42,4.92,29,5.0448,0.173958621,1.990391215,20,0,
20/11/2019,14.5,5,mid,29,209,28,66,4.39,5.22,20,3.3314,0.16657,1.379310345,15,0,
20/11/2019,14.27,30,full,61,85,48,68,4.36,5.18,23,4.2426,0.18446087,1.61177295,17,0,
20/11/2019,13.92,30,mid,61,84,48,70,4.59,4.27,22,3.5988,0.163581818,1.58045977,17,0,
20/11/2019,15.24,60,no,32,271,48,73,5.07,4.75,18,2.6125,0.145138889,1.181102362,10,0,
20/11/2019,15.34,30,no,61,83,48,74,4.07,5.26,13,1.624,0.124923077,0.847457627,32,0,
20/11/2019,15.12,18,mid,38,227,37,76,4.87,5.17,21,3.4813,0.16577619,1.388888889,23,0,
20/11/2019,15.3,48,no,38,229,37,78,5.33,4.86,26,3.31,0.127307692,1.699346405,15,0,
20/11/2019,13.94,18,full,38,225,37,80,4.18,4.97,23,4.015,0.174565217,1.649928264,19,0,
20/11/2019,14.69,18,no,38,226,37,82,4.14,5.12,17,1.2605,0.074147059,1.15724983,31,0,
20/11/2019,15.34,28,no,64,113,61,87,4.79,4.5,0,0,,0,20,1,
20/11/2019,15.17,28,full,64,110,61,88,4.41,4.44,16,3.3367,0.20854375,1.05471325,10,0,
20/11/2019,14,58,no,49,256,61,89,4.94,3.62,8,0.971,0.121375,0.571428571,8,0,
20/11/2019,14.87,28,mid,64,108,61,90,4.78,4.37,29,4.33,0.149310345,1.950235373,23,0,
20/11/2019,14.84,27,mid,63,106,62,91,4.48,4.74,20,3.6704,0.18352,1.347708895,22,0,
20/11/2019,15.1,52,no,57,241,62,92,4.8,4.44,27,3.7612,0.139303704,1.78807947,20,0,
20/11/2019,14.59,27,no,63,99,62,95,4.8,4.77,2,0.0846,0.0423,0.137080192,13,0,
20/11/2019,15.01,27,full,63,103,62,96,5.1,4.76,27,4.8,0.177777778,1.798800799,13,0,
20/11/2019,15.27,26,mid,53,135,63,100,4.14,4.91,13,2.5981,0.199853846,0.851342502,20,0,
20/11/2019,14.79,26,no,53,140,63,101,4.01,5.19,15,1.6885,0.112566667,1.014198783,18,0,
20/11/2019,13.9,26,full,53,138,63,102,4.93,5.11,15,3.3197,0.221313333,1.079136691,14,0,
20/11/2019,15.16,56,no,4,270,63,104,4.91,4.48,12,1.5553,0.129608333,0.791556728,20,0,
20/11/2019,14.27,21,mid,27,176,64,111,5.32,4.88,22,3.6146,0.1643,1.541695865,11,0,
20/11/2019,14.76,21,no,27,175,64,112,4.19,4.63,4,0.3624,0.0906,0.27100271,17,0,
20/11/2019,13.9,21,full,27,174,64,114,4.7,4.45,11,2.5335,0.230318182,0.791366906,13,0,
20/11/2019,15.03,16,no,25,4,39,116,4.71,4.83,6,0.4373,0.072883333,0.399201597,23,0,
20/11/2019,15.1,16,full,25,7,39,120,4.77,4.88,1,0.2528,0.2528,0.066225166,22,0,
20/11/2019,14.08,46,no,25,6,39,121,4.91,3.87,1,0.0443,0.0443,0.071022727,22,0,
20/11/2019,14.96,16,mid,25,5,39,122,4.64,4.65,15,2.3873,0.159153333,1.002673797,15,0,
20/11/2019,13.91,34,no,37,79,35,123,5.25,4.89,25,3.1328,0.125312,1.797268152,30,0,
20/11/2019,14.34,24,mid,39,118,52,126,5.03,4.34,25,4.0043,0.160172,1.743375174,23,0,
20/11/2019,14.89,24,no,39,117,52,127,5.36,5.21,20,2.6916,0.13458,1.343183345,25,0,
20/11/2019,13.9,23,mid,52,10,44,133,4.41,4.67,7,1.2271,0.1753,0.503597122,11,0,
20/11/2019,14.87,23,full,52,13,44,134,4.18,4.07,5,1.1872,0.23744,0.336247478,9,0,
20/11/2019,14.55,63,no,17,258,53,135,5.25,3.97,14,2.0834,0.148814286,0.962199313,21,0,
20/11/2019,14.9,25,mid,44,131,53,139,4.78,4.33,16,2.9533,0.18458125,1.073825503,10,0,
20/11/2019,15.28,25,full,44,132,53,141,4.73,4.76,14,2.9693,0.212092857,0.916230366,19,0,
20/11/2019,14.21,25,no,44,130,53,142,4.85,5.02,0,0,,0,22,1,
20/11/2019,14.9,6,full,26,196,27,143,4.74,4.91,22,3.6095,0.164068182,1.476510067,16,0,
20/11/2019,14.74,6,mid,26,195,27,144,5.24,4.45,16,2.9624,0.18515,1.085481682,19,0,
20/11/2019,14.86,6,no,26,194,27,145,5.53,4.69,5,0.2705,0.0541,0.336473755,23,0,
20/11/2019,14.91,36,no,26,197,27,146,5.14,4.02,18,2.1911,0.121727778,1.207243461,13,0,
20/11/2019,14.18,9,full,19,164,21,147,4.06,5.21,22,3.5293,0.160422727,1.551480959,21,0,
20/11/2019,14.23,39,no,19,170,21,148,4.18,4.94,33,4.0701,0.123336364,2.319044273,18,0,
20/11/2019,14.81,9,mid,19,167,21,149,4.12,4.89,20,3.0965,0.154825,1.350438893,19,0,
20/11/2019,14.04,9,no,19,166,21,150,4.61,4.71,12,1.2225,0.101875,0.854700855,15,0,
20/11/2019,15.18,70,no,45,26,40,155,3.93,4.67,0,0,,0,22,1,
20/11/2019,14.4,15,no,41,125,40,157,5.33,4.5,11,1.2767,0.116063636,0.763888889,22,0,
20/11/2019,14.31,15,mid,41,58,40,158,4.93,4.65,18,3.1974,0.177633333,1.257861635,12,0,
20/11/2019,14.12,15,full,41,57,40,162,5.24,4.29,14,3.2785,0.234178571,0.991501416,4,0,
20/11/2019,14.22,10,no,8,182,19,163,5.33,4.8,2,0.2498,0.1249,0.140646976,12,0,
20/11/2019,15.22,10,full,8,184,19,165,5.2,4.85,30,4.8961,0.163203333,1.97109067,16,0,
20/11/2019,13.92,10,mid,8,178,19,168,5.05,4.38,20,3.3321,0.166605,1.436781609,9,0,
20/11/2019,15.04,40,no,8,183,19,169,3.7,4.48,2,0.0464,0.0232,0.132978723,7,0,
20/11/2019,15.2,23,no,52,128,44,171,4.87,4.26,27,3.025,0.112037037,1.776315789,21,0,
20/11/2019,15.17,75,no,53,137,44,172,4.98,4.05,0,0,,0,7,1,
20/11/2019,15.51,12,no,48,67,8,177,4.18,4.15,2,0.199,0.0995,0.128949065,17,0,
20/11/2019,14.92,12,mid,48,69,8,179,4.45,3.84,11,1.8092,0.164472727,0.737265416,12,0,
20/11/2019,14.83,42,no,58,245,8,180,4.9,4.72,0,0,,0,33,1,
20/11/2019,14.32,12,full,48,72,8,181,5.11,4.63,23,4.4088,0.191686957,1.606145251,26,0,
20/11/2019,15.11,8,full,21,152,24,185,5.1,4.94,22,3.974,0.180636364,1.455989411,24,0,
20/11/2019,15.2,8,mid,21,154,24,187,4.65,4.99,28,4.3933,0.156903571,1.842105263,17,0,
20/11/2019,13.95,8,no,21,151,24,191,5.23,5.16,17,2.0225,0.118970588,1.218637993,24,0,
20/11/2019,14.73,38,no,21,153,24,192,5.19,4.74,0,0,,0,18,1,
20/11/2019,15.53,22,full,30,47,26,193,4.32,4.69,9,2.5432,0.282577778,0.579523503,12,0,
20/11/2019,14.48,22,mid,30,51,26,198,4.7,4.63,27,4.3066,0.159503704,1.864640884,19,0,
20/11/2019,14.64,22,no,30,49,26,199,4.58,5.18,16,2.5434,0.1589625,1.092896175,27,0,
20/11/2019,13.48,57,no,63,105,50,204,4.23,5.26,1,0.0743,0.0743,0.074183976,17,0,
20/11/2019,14.41,64,no,64,109,50,206,5.11,5.05,0,0,,0,22,1,
20/11/2019,14.12,29,full,62,97,50,207,4.44,5.14,22,3.8115,0.17325,1.558073654,13,0,
20/11/2019,14.08,29,no,62,94,50,208,4.46,5.21,0,0,,0,13,1,
20/11/2019,13.81,2,full,31,237,29,211,4.21,4.8,21,3.9541,0.188290476,1.520637219,18,0,
20/11/2019,15.41,32,no,31,240,29,213,4.24,5.09,14,1.2173,0.08695,0.908500973,8,0,
20/11/2019,15.2,2,mid,31,236,29,214,4.71,4.89,23,3.4402,0.149573913,1.513157895,13,0,
20/11/2019,14.56,2,no,31,239,29,215,4.68,4.95,0,0,,0,16,1,
20/11/2019,14.02,20,full,33,30,32,217,4.93,5.74,24,4.1155,0.171479167,1.711840228,27,0,
20/11/2019,14.9,20,mid,33,35,32,219,4.89,5.38,27,3.8817,0.143766667,1.812080537,19,0,
20/11/2019,15.6,50,no,33,36,32,221,4.65,4.85,2,0.1676,0.0838,0.128205128,26,0,
20/11/2019,15.3,20,no,33,34,32,222,4.64,4.87,13,1.2288,0.094523077,0.849673203,18,0,
20/11/2019,14.26,17,no,40,156,38,228,5.15,5.29,5,0.5035,0.1007,0.350631136,32,0,
20/11/2019,14.44,17,full,40,160,38,230,5.09,5.01,23,3.6536,0.158852174,1.592797784,11,0,
20/11/2019,14.89,17,mid,40,159,38,231,5,5.18,7,1.3906,0.198657143,0.470114171,16,0,
20/11/2019,14.86,47,no,40,161,38,232,4.91,5.53,10,0.9253,0.09253,0.67294751,12,0,
20/11/2019,15.43,31,no,32,224,31,233,5.51,4.51,10,1.1862,0.11862,0.64808814,22,0,
20/11/2019,14.31,1,full,32,218,31,234,5.43,4.7,0,0,0,0,10,1,fail
20/11/2019,13.86,1,mid,32,220,31,235,5.25,4.9,21,3.7056,0.176457143,1.515151515,25,0,
20/11/2019,14.67,1,no,32,223,31,238,5.24,4.04,0,0,,0,17,1,
20/11/2019,15.23,53,no,52,12,57,242,4.26,5.19,17,2.8706,0.168858824,1.116217991,3,0,
20/11/2019,14,41,no,50,203,16,243,5.37,4.99,20,2.9982,0.14991,1.428571429,32,0,
20/11/2019,14.33,73,no,39,119,58,246,5.21,4.96,0,0,,0,14,1,
20/11/2019,14.75,43,no,47,41,34,247,4.34,5.27,0,0,,0,21,1,
20/11/2019,14.01,61,no,13,266,43,250,4.36,5.04,6,1.0146,0.1691,0.428265525,22,0,
20/11/2019,14.1,55,no,44,129,42,252,3.59,5.28,1,0.0851,0.0851,0.070921986,16,0,
20/11/2019,14.57,62,no,18,263,36,254,5.38,4.8,29,3.7967,0.13092069,1.990391215,32,0,
20/11/2019,14.24,66,no,61,86,49,255,4.54,5.34,16,1.7313,0.10820625,1.123595506,34,0,
20/11/2019,14.49,45,no,41,124,17,257,5.22,5.01,0,0,,0,17,1,
20/11/2019,15.1,71,no,24,186,54,260,4.43,4.85,5,0.4318,0.08636,0.331125828,26,0,
20/11/2019,14.95,74,no,42,251,51,261,4.51,3.95,15,1.754,0.116933333,1.003344482,8,0,
20/11/2019,14.46,59,no,62,93,18,264,4.81,5.31,14,1.585,0.113214286,0.968188105,26,0,
20/11/2019,14.38,67,no,20,267,13,265,4.77,4.58,9,0.8815,0.097944444,0.625869263,19,0,
20/11/2019,15.1,51,no,43,249,20,268,4.37,4.91,9,0.9184,0.102044444,0.59602649,25,0,
20/11/2019,15.11,65,no,16,244,4,269,4.88,4.44,19,2.5516,0.134294737,1.2574454,19,0,
20/11/2019,14.96,29,mid,62,98,50,273,4.66,4.68,16,3.102,0.193875,1.069518717,18,0,
20/11/2019,14.56,72,no,34,248,64,,5.73,5.04,19,2.842,0.149578947,1.304945055,37,0,find female id
20/11/2019,14.84,7,full,,,,,,,,,,,,,female missing