id,sex,bodysize,family,tr,newfamily,totDistNorm,totRawDistNorm,coveredAreaRatio,contFarInnerTimeRatio,smoothInnerTimeRatio,movingNum,movingEachFrameAvg,movingEachFrameStddev,newtotDistNorm,newmovingEachFrameAvg
294,m,5.18,2,f,f2,6882.245965,17935.9578,0.714856562,0.016234541,0.097708196,8,287,395,1548.505342,9.566666667
295,m,4.98,2,f,f2,9107.075293,22226.71928,0.751709929,0.006524736,0.157344707,10.5,246.5,215,2049.091941,8.216666667
296,f,5.64,2,f,f2,1082.236299,15181.40129,0.064644524,0,0.425002912,4.5,151.5,579.5,243.5031673,5.05
297,f,4.58,2,f,f2,25553.08866,38359.56511,0.896123553,0.086927453,0.305552468,14,126.5,208,5749.444949,4.216666667
298,m,4.69,3,f,f3,24437.69417,39780.14879,0.891549995,0.11045415,0.312378854,6,215,270,5498.481188,7.166666667
299,m,5.04,3,f,f3,40246.17029,57949.94061,0.908540127,0.087297835,0.300918117,13,263.5,328.5,9055.388315,8.783333333
300,f,5.09,3,f,f3,18270.59416,33114.56357,0.693545894,0.025133565,0.083530214,11,293.5,419,4110.883686,9.783333333
301,f,5.19,3,f,f3,19891.14774,36148.83944,0.799973571,0.128790984,0.269289516,18,326,449,4475.508242,10.86666667
216,m,4.76,4,f,f4,5907.057463,18735.82442,0.459677699,0.003378863,0.011597476,3.5,255.5,130,1329.087929,8.516666667
217,m,5.3,4,f,f4,9615.46852,22159.99524,0.839940268,0.030425896,0.138651088,10.5,98,141,2163.480417,3.266666667
218,f,5.5,4,f,f4,2129.107921,12839.51459,0.355768476,0.074506136,0.163945031,8,435.5,435.5,479.0492822,14.51666667
219,f,4.78,4,f,f4,9057.659418,19951.63112,0.709479876,0.059452421,0.080136214,8.5,550,556.5,2037.973369,18.33333333
270,m,4.67,5,f,f5,21799.13031,33036.36571,0.81489678,0.013258007,0.041025745,12,333.5,344.5,4904.80432,11.11666667
271,m,4.99,5,f,f5,31974.56385,46371.71184,0.909300281,0.043433169,0.294382818,17.5,180.5,254.5,7194.276866,6.016666667
272,f,5.27,5,f,f5,7347.159307,18473.70726,0.55855329,0.009376046,0.375672758,11.5,225,253,1653.110844,7.5
273,f,4.93,5,f,f5,7637.377482,21405.19543,0.49245496,0.001489226,0.112063382,9,505.5,468,1718.409933,16.85
251,m,4.12,6,f,f6,11922.42581,26525.32136,0.771710288,0.003900611,0.014178042,8.5,531.5,308,2682.545807,17.71666667
252,m,5.09,6,f,f6,11928.47062,24322.16415,0.809986785,0.01077236,0.104840927,8.5,47,436,2683.90589,1.566666667
253,f,5.35,6,f,f6,10616.3288,22145.6896,0.792694528,0.016587139,0.167836503,11.5,487.5,504,2388.67398,16.25
254,f,4.43,6,f,f6,6439.886099,17848.25427,0.499590498,0.001567356,0.004668115,5,352.5,274.5,1448.974372,11.75
235,m,5.21,8,f,f8,3328.154026,14771.09967,0.433946319,0.001203791,0.011088594,5.5,497.5,449,748.8346559,16.58333333
236,m,5.36,8,f,f8,12834.08966,23804.63326,0.786624253,0.057956427,0.143356035,16,312.5,308.5,2887.670174,10.41666667
237,f,5.3,8,f,f8,27378.50308,42752.37465,0.888106892,0.026654355,0.137272641,15,160,295,6160.163193,5.333333333
238,f,5.11,8,f,f8,6364.325596,20214.81018,0.521658227,0.002447617,0.213683821,18,363,421,1431.973259,12.1
266,f,5.23,9,f,f9,3019.717145,13233.63605,0.51902323,0.120802905,0.197395667,9,404,368,679.4363576,13.46666667
267,f,5.07,9,f,f9,4044.184014,17490.10746,0.481094046,0.442783992,0.445623396,10,375.5,364.5,909.9414032,12.51666667
268,m,5.16,9,f,f9,6059.225208,20291.0548,0.530471722,0.002699632,0.044715195,5.5,40.5,500,1363.325672,1.35
269,m,4.37,9,f,f9,12374.69427,24572.82563,0.603048551,0.006518434,0.021816426,10,283,277.5,2784.306211,9.433333333
274,m,5.39,10,f,f10,8913.190102,20307.5313,0.675868941,0.012701953,0.118095127,5.5,53,329,2005.467773,1.766666667
275,m,5.38,10,f,f10,5000.129212,15556.46939,0.575402455,0.00431303,0.009150668,7,482,361.5,1125.029073,16.06666667
276,f,5.37,10,f,f10,9889.204085,23001.23857,0.775796126,0.014075584,0.2999985,12.5,528.5,277,2225.070919,17.61666667
277,f,5.4,10,f,f10,5485.991229,19979.08449,0.474288528,0.008935194,0.088190334,9.5,439.5,405.5,1234.348027,14.65
243,m,5.08,11,f,f11,11497.21847,24452.15212,0.66871508,0.011141173,0.088617828,10,371,166.5,2586.874156,12.36666667
244,m,5.64,11,f,f11,28899.94782,43300.70537,0.850896755,0.041251469,0.127103485,15.5,322.5,466,6502.48826,10.75
245,f,4.62,11,f,f11,7340.43251,20461.54728,0.603293092,0.010170064,0.062291177,12.5,384,300.5,1651.597315,12.8
246,f,5.4,11,f,f11,12013.7296,24005.6442,0.779039432,0.011200311,0.2937219,9,258,349.5,2703.08916,8.6
262,m,5.64,12,f,f12,6116.053539,17599.88233,0.568351649,0.030420365,0.067568156,12.5,470.5,487.5,1376.112046,15.68333333
263,m,5.07,12,f,f12,22843.35986,38454.95606,0.882931823,0.050799197,0.259515993,8.5,174,175,5139.755969,5.8
264,f,4.12,12,f,f12,3793.316282,14870.72527,0.396672158,0.004817651,0.037089437,10.5,320,337,853.4961635,10.66666667
265,f,4.59,12,f,f12,12460.00899,26621.19495,0.67908876,0.050397499,0.122599295,14.5,238.5,295,2803.502023,7.95
223,m,4.77,13,f,f13,18576.03512,32943.97787,0.849072286,0.009285905,0.027463497,6.5,187,268,4179.607902,6.233333333
224,m,4.58,13,f,f13,22607.31658,42129.95761,0.88326832,0.044086308,0.099647705,17,340,192,5086.646231,11.33333333
225,f,5.06,13,f,f13,10127.91222,21720.77499,0.470439985,0.076896385,0.268660978,6,247.5,470,2278.78025,8.25
226,f,4.82,13,f,f13,11500.20564,23096.90106,0.780888997,0.019557925,0.417263419,10,336.5,161.5,2587.546269,11.21666667
259,m,4.95,15,f,f15,25582.54052,42025.3506,0.896021661,0.028742873,0.344184675,13.5,63,187,5756.071617,2.1
260,f,5.49,15,f,f15,2499.365748,12974.78628,0.389600748,0.000440633,0.327638776,9,290,274.5,562.3572933,9.666666667
261,f,5.36,15,f,f15,10657.55514,22034.95066,0.769314836,0.026595561,0.086617274,13.5,491.5,306,2397.949907,16.38333333
247,m,4.5,17,f,f17,21136.78469,35025.57593,0.851980063,0.183258228,0.244890593,6.5,259,243.5,4755.776555,8.633333333
248,m,5.39,17,f,f17,18405.85002,31929.92152,0.842354431,0.008280163,0.130508862,17,317.5,329.5,4141.316255,10.58333333
249,f,5.05,17,f,f17,13907.13951,66384.83407,0.746706643,0.189727273,0.651238322,17.5,29.5,61,3129.10639,0.983333333
250,f,4.65,17,f,f17,4237.060805,16299.80857,0.342531919,0.001535615,0.036031451,12,282.5,312.5,953.3386811,9.416666667
239,m,5.1,18,f,f18,6942.718819,20722.94973,0.648854427,0.005031175,0.059211153,7.5,270,335.5,1562.111734,9
240,m,4.4,18,f,f18,16546.77376,29112.04181,0.864630954,0.021663386,0.048770097,7.5,200.5,231,3723.024096,6.683333333
241,f,4.99,18,f,f18,5588.40601,17760.02953,0.602328546,0.062698696,0.193714381,5,311,237,1257.391352,10.36666667
242,f,5.08,18,f,f18,9214.913897,20426.20931,0.696749261,0.006246393,0.015483783,8,282,256,2073.355627,9.4
312,f,5.02,18,f,f18,11546.86712,25614.35266,0.785600106,0.034095983,0.126826719,9.5,133,108.5,2598.045102,4.433333333
313,f,5.33,18,f,f18,10319.16136,22795.64012,0.775147644,0.041413459,0.265134074,8,126.5,178.5,2321.811306,4.216666667
314,m,5.24,18,f,f18,11549.67035,28923.37994,0.806240858,0.009280493,0.127606966,9,409,159,2598.675829,13.63333333
315,m,4.99,18,f,f18,12393.37833,25076.35018,0.84879954,0.033941807,0.103815261,11.5,68,132.5,2788.510124,2.266666667
214,m,4.63,19,f,f19,8740.74338,19732.49531,0.580355993,0.003851546,0.01906641,8,601,321,1966.667261,20.03333333
215,m,3.81,19,f,f19,8242.150293,22435.17924,0.519271155,0.003788463,0.009815225,5,283.5,372.5,1854.483816,9.45
310,f,5,19,f,f19,7815.443606,22544.51321,0.537917123,0.005869614,0.086409074,12,209.5,235.5,1758.474811,6.983333333
311,f,5.2,19,f,f19,9586.203641,22098.85554,0.753056265,0.106409709,0.176230675,22.5,423.5,316.5,2156.895819,14.11666667
278,f,5.29,20,f,f20,9762.353121,19669.12179,0.700618206,0.018369378,0.070051003,14,445.5,524,2196.529452,14.85
279,f,4.94,20,f,f20,3384.595721,16537.52711,0.476202683,0.173788371,0.200762658,8,368,344,761.5340372,12.26666667
280,m,5.24,20,f,f20,6628.757074,18477.57426,0.78640542,0.003815012,0.030064371,8,442.5,415,1491.470342,14.75
281,m,4.63,20,f,f20,13190.0872,26411.85069,0.51502533,0.007023729,0.090450361,9,197.5,187.5,2967.76962,6.583333333
206,f,4.02,21,f,f21,33261.51237,49111.27007,0.869415804,0.102731053,0.22693751,12.5,228,309.5,7483.840283,7.6
306,f,5.45,21,f,f21,3588.098889,15023.76159,0.548121912,0.013547691,0.32781908,11.5,439.5,484,807.32225,14.65
307,f,5.43,21,f,f21,4819.808314,14799.95131,0.64830349,0.025928872,0.376990378,17,286,258,1084.456871,9.533333333
308,m,5.05,21,f,f21,7110.081654,16694.13508,0.598299002,0.002868455,0.009977987,7,585,327,1599.768372,19.5
309,m,5.47,21,f,f21,3676.297444,12817.32497,0.421549667,0.000252016,0.001243017,3,314,437,827.1669249,10.46666667
255,m,5.81,22,f,f22,4987.031414,26903.39484,0.565170958,0.009844221,0.27316832,7.5,551,184,1122.082068,18.36666667
256,m,6.05,22,f,f22,5156.615978,16502.86077,0.591544029,0.001319718,0.00766643,8,361.5,297.5,1160.238595,12.05
257,f,5.63,22,f,f22,1907.172631,12883.30765,0.326981778,0.000764624,0.389334932,8.5,336,395.5,429.113842,11.2
258,f,5.78,22,f,f22,4202.090703,18296.65548,0.443991939,0.000148277,0.007337215,9,470.5,347,945.4704082,15.68333333
211,m,5.53,23,f,f23,4251.14832,14827.47415,0.518500369,0.080340701,0.142410077,15.5,320,233.5,956.508372,10.66666667
212,m,5.08,23,f,f23,17322.35878,29712.6979,0.893825882,0.036378698,0.110122979,8.5,146.5,261.5,3897.530726,4.883333333
213,f,5.33,23,f,f23,10660.9617,22495.54507,0.711614256,0.02935784,0.170856178,16,200.5,369.5,2398.716383,6.683333333
282,m,5.24,24,f,f24,3703.803806,13279.27489,0.502780903,0.002752245,0.005694531,7.5,326,505.5,833.3558564,10.86666667
283,m,5.39,24,f,f24,11544.73549,31988.28066,0.767413576,0.059418701,0.425212611,12,279,318,2597.565485,9.3
284,f,5.35,24,f,f24,12898.01929,30413.75565,0.86601444,0.018912626,0.074864338,13.5,84.5,95,2902.05434,2.816666667
285,f,5.63,24,f,f24,8599.165808,22383.84365,0.63036333,0.014330592,0.181814892,14.5,556,260,1934.812307,18.53333333
302,f,5.29,25,f,f25,10810.92419,23506.50195,0.765649788,0.012968216,0.117993556,12.5,80,144,2432.457943,2.666666667
303,f,4.97,25,f,f25,8534.015521,48331.35555,0.468545176,0.32806924,0.365116239,5,221.5,139,1920.153492,7.383333333
304,m,5.53,25,f,f25,8332.508006,19135.03214,0.650316215,0.005518925,0.014656436,10.5,272.5,495,1874.814301,9.083333333
305,m,5.17,25,f,f25,14328.02932,26798.14138,0.728841967,0.010389557,0.029983419,12,321,578,3223.806597,10.7
227,m,5.57,26,f,f26,11034.0159,22930.25116,0.798497963,0.049582803,0.135509677,13,566.5,296.5,2482.653578,18.88333333
228,m,5.23,26,f,f26,7453.662389,18160.7752,0.617679524,0.007427779,0.105819824,10,218.5,226.5,1677.074038,7.283333333
229,f,5.51,26,f,f26,7494.55913,18012.69758,0.69938874,0.064543012,0.278156208,11.5,494,266,1686.275804,16.46666667
230,f,5.49,26,f,f26,3260.002357,14614.18203,0.452987499,0.002685898,0.120656184,7,405.5,387,733.5005303,13.51666667
231,m,4.56,27,f,f27,12328.65412,28339.25283,0.732059024,0.017833909,0.024643784,5.5,186,464.5,2773.947177,6.2
232,m,3.9,27,f,f27,15386.66873,28521.16943,0.791295306,0.009864292,0.055979547,5,147.5,220,3462.000464,4.916666667
233,f,4.67,27,f,f27,19730.30076,34537.17096,0.900102046,0.015989902,0.042033171,6,218,281,4439.317671,7.266666667
234,f,5.53,27,f,f27,9229.185018,22670.17589,0.866378905,0.017320599,0.117173927,8.5,565.5,303.5,2076.566629,18.85
220-mid,m,5.2,28,f,f28,6852.095037,17340.95412,0.729194909,0.030002261,0.073177511,12.5,453.5,469,1541.721383,15.11666667
220-up,m,4.67,28,f,f28,3579.760779,15298.65351,0.409622548,0.002627923,0.054847,7,317.5,564.5,805.4461753,10.58333333
221,f,5,28,f,f28,7372.13322,17736.31535,0.595588157,0.008740943,0.156023596,15.5,328.5,312,1658.729975,10.95
222,f,4.84,28,f,f28,8455.072479,20735.92293,0.594130315,0.007039044,0.093637727,15,450.5,509.5,1902.391308,15.01666667
286,m,5.32,29,f,f29,3546.24493,15503.78598,0.409667498,0.001741857,0.004004248,7,290,253.5,797.9051093,9.666666667
287,m,4.89,29,f,f29,4513.196733,14677.40692,0.48959057,0.001194588,0.001982927,4,360.5,388,1015.469265,12.01666667
288,f,4.74,29,f,f29,23351.45411,37427.56173,0.885400644,0.057792027,0.28665977,10,395,459,5254.077175,13.16666667
289,f,3.89,29,f,f29,8468.408241,19718.33788,0.537012606,0.00481676,0.009667913,5,250.5,308.5,1905.391854,8.35
290,m,5.29,30,f,f30,3418.06959,13745.84266,0.359045159,0.001601538,0.153808702,4.5,151.5,234,769.0656578,5.05
291,m,5.26,30,f,f30,25702.45161,39704.07144,0.904897703,0.091627683,0.296540097,10.5,285.5,369,5783.051612,9.516666667
292,f,5.2,30,f,f30,6605.730414,17933.477,0.597664737,0.002039675,0.005652006,8.5,416.5,474,1486.289343,13.88333333
293,f,5.2,30,f,f30,29055.53248,45582.1462,0.890982258,0.152223163,0.319665685,19,89,209,6537.494808,2.966666667
32,f,5.39,60,f,f60,16833.33073,30042.99822,0.86496149,0.027071767,0.140673547,19.5,506,324,3787.499414,16.86666667
167,m,4.98,2,m,m2,8876.571056,20583.12204,0.749692507,0.022040017,0.081199468,13,550.5,96,1997.228488,18.35
168,m,5.2,2,m,m2,9584.93144,36613.84303,0.724587382,0.158388179,0.318724901,7.5,239,349.5,2156.609574,7.966666667
169,f,4.75,2,m,m2,10641.49348,27287.92682,0.620531237,0.010385714,0.037861585,5.5,265.5,265,2394.336033,8.85
170,f,4.61,2,m,m2,14276.94026,27135.24455,0.70959343,0.011469021,0.07736006,13,257,356,3212.311559,8.566666667
151,m,4.89,3,m,m3,20946.40813,35487.32859,0.886447766,0.112761814,0.227892712,13.5,605.5,327,4712.941829,20.18333333
152,m,5.05,3,m,m3,14246.62309,27804.46497,0.867001044,0.036322626,0.295133099,8.5,142,168.5,3205.490195,4.733333333
153,f,4.6,3,m,m3,14060.82055,28619.6617,0.736728047,0.014282531,0.031129915,9.5,268.5,365,3163.684624,8.95
154,f,3.78,3,m,m3,27965.11444,48561.29134,0.75515837,0.062435844,0.120479566,13.5,310.5,447.5,6292.150749,10.35
199,m,4.23,4,m,m4,27141.53796,42396.24687,0.88468446,0.103630418,0.214066349,7,288.5,360,6106.846041,9.616666667
200,m,4.67,4,m,m4,27932.84198,43937.2045,0.868709585,0.030687378,0.118113185,3.5,294,355.5,6284.889446,9.8
201,f,4.67,4,m,m4,4377.514531,19255.02182,0.538886505,0.004410748,0.008315188,4.5,520,406,984.9407695,17.33333333
202,f,4.46,4,m,m4,29391.18742,49456.94942,0.857101565,0.019874556,0.045117639,4.5,295.5,327,6613.01717,9.85
111,f,5.39,5,m,m5,12224.92713,23475.57836,0.758727117,0.00548598,0.054526042,10,582.5,280.5,2750.608604,19.41666667
112,f,4.4,5,m,m5,18274.57063,32338.88798,0.842064713,0.03779109,0.103688903,17,301,358.5,4111.778392,10.03333333
113,m,5.11,5,m,m5,10297.65074,21220.26351,0.623198908,0.00286473,0.009000544,8,484,479,2316.971417,16.13333333
114,m,4.86,5,m,m5,11853.58073,24767.03918,0.685030403,0.010140332,0.029577523,12,561,465,2667.055664,18.7
119,m,5.28,6,m,m6,27815.29687,43567.66118,0.865796347,0.121312364,0.279261869,14.5,144.5,271.5,6258.441796,4.816666667
120,m,4.43,6,m,m6,29207.23464,44788.71185,0.86711561,0.103513837,0.240355283,11,183,284,6571.627794,6.1
121,f,5.01,6,m,m6,9593.10548,22339.38768,0.804080695,0.041582173,0.09549918,8.5,115,139.5,2158.448733,3.833333333
122,f,5.02,6,m,m6,2725.493275,13526.22267,0.37717249,0.003850206,0.053398798,7.5,467,449.5,613.2359869,15.56666667
155,m,4.43,7,m,m7,6664.465545,19024.56622,0.664933559,0.008254323,0.018713606,11.5,510.5,264.5,1499.504748,17.01666667
156,m,5.2,7,m,m7,33018.27523,52496.7579,0.759132735,0.066376722,0.152829165,19.5,419,328.5,7429.111927,13.96666667
157,f,4.29,7,m,m7,3900.138896,15434.46554,0.272527851,0.000694625,0.001376317,3.5,159,247,877.5312516,5.3
158,f,5.37,7,m,m7,6223.176277,17997.15602,0.609587242,0.00588258,0.028970008,7.5,327.5,526,1400.214662,10.91666667
49,m,4.65,7,m,m7,42466.92225,60081.48814,0.863097897,0.042350991,0.302637413,12.5,381.5,245.5,9555.057506,12.71666667
175,m,5.21,8,m,m8,6691.32677,18334.94147,0.548043985,0.003139664,0.052850847,10,437.5,441,1505.548523,14.58333333
176,m,4.07,8,m,m8,14589.14923,29426.91365,0.697958454,0.012560967,0.290125862,16.5,431.5,614.5,3282.558577,14.38333333
177,f,5.22,8,m,m8,5981.373369,17417.48417,0.713922103,0.042120144,0.190345381,17,351.5,451.5,1345.809008,11.71666667
178,f,5,8,m,m8,8524.799813,22087.16244,0.643870602,0.034075885,0.110228278,8,246.5,237,1918.079958,8.216666667
131,f,4.59,9,m,m9,11282.82721,23428.79869,0.646762511,0.00916747,0.045598781,13.5,418.5,146.5,2538.636122,13.95
132,f,4.62,9,m,m9,9489.66016,20697.67666,0.421348599,0.50652825,0.510828677,3,181.5,217,2135.173536,6.05
133,m,4.29,9,m,m9,10546.52906,23188.37712,0.684345377,0.011297539,0.021950582,5.5,100,327.5,2372.969039,3.333333333
134,m,4.54,9,m,m9,13082.48855,27445.04169,0.697565415,0.49328506,0.609732866,17,257.5,459,2943.559924,8.583333333
107,m,5,10,m,m10,6471.192799,20649.49556,0.581044282,0.002650856,0.008507751,3,154,389.5,1456.01838,5.133333333
108,m,4.84,10,m,m10,3679.174225,14697.60567,0.492151744,0.106485943,0.189744616,9,477.5,390,827.8142006,15.91666667
109,f,4.65,10,m,m10,13690.96356,45262.02227,0.47666771,0.003915327,0.008533211,12.5,438.5,178.5,3080.466801,14.61666667
110,f,4.55,10,m,m10,2031.962772,17221.01748,0.210805267,0.004520161,0.005740551,5.5,262.5,125.5,457.1916237,8.75
183,m,4.63,11,m,m11,10973.33803,22674.98731,0.657394326,0.005215744,0.008506679,6.5,313,323,2469.001057,10.43333333
184,m,4.47,11,m,m11,9126.925191,22276.43973,0.623544968,0.153758884,0.285402202,4.5,138.5,318,2053.558168,4.616666667
185,f,4.9,11,m,m11,28162.39409,47679.85795,0.684735202,0.053141444,0.075466164,7.5,318.5,209.5,6336.53867,10.61666667
186,f,5.1,11,m,m11,26258.87375,40009.61749,0.91623078,0.017129168,0.037159079,9.5,109.5,246.5,5908.246594,3.65
195,m,4.94,12,m,m12,6070.712307,17968.24754,0.644216024,0.004221524,0.010746921,6.5,238,257.5,1365.910269,7.933333333
196,m,4.98,12,m,m12,41801.14416,58462.95007,0.895808927,0.070924998,0.183494281,9.5,313.5,399,9405.257436,10.45
197,f,4.51,12,m,m12,15622.75675,27977.97716,0.832519269,0.117574856,0.200592891,18,559.5,299,3515.120269,18.65
198,f,4.69,12,m,m12,7726.467348,17531.97886,0.614627513,0.003698025,0.024383319,5,331.5,348,1738.455153,11.05
147,m,3.81,13,m,m13,38909.89276,57764.44758,0.896481268,0.131250355,0.202430703,9.5,211,252,8754.725871,7.033333333
148,m,4.87,13,m,m13,12242.2563,24529.99917,0.78125722,0.011283643,0.024729779,8.5,335,332.5,2754.507668,11.16666667
149,f,4.83,13,m,m13,8886.748565,20127.73549,0.560957653,0.008793645,0.052893076,9,595,235.5,1999.518427,19.83333333
150,f,4.18,13,m,m13,16165.56513,47078.52177,0.838091484,0.169384007,0.426347472,12,474,216.5,3637.252154,15.8
179,m,5.27,14,m,m14,16120.06838,31373.47945,0.872117749,0.047686467,0.129285232,14,111,34.5,3627.015386,3.7
180,m,5.04,14,m,m14,9587.593187,23079.82618,0.704491211,0.008029828,0.124399547,16.5,480.5,507,2157.208467,16.01666667
181,f,5,14,m,m14,4768.062445,17472.39168,0.301835516,0.000600488,0.009930452,7,443.5,509,1072.81405,14.78333333
182,f,4.65,14,m,m14,1501.08909,11278.78295,0.25910389,0.018844277,0.301473134,9.5,209.5,182,337.7450453,6.983333333
127,m,5.13,15,m,m15,4219.923871,16490.58992,0.554990884,0.021080364,0.093803175,14,365,428,949.482871,12.16666667
128,m,5.44,15,m,m15,7847.285952,19779.92368,0.675444077,0.004542839,0.054622127,6.5,258,418.5,1765.639339,8.6
129,f,4.85,15,m,m15,14338.11413,28927.33559,0.874853197,0.024165051,0.234344307,9,414,431,3226.075679,13.8
130,f,4.57,15,m,m15,9276.415935,22694.20548,0.671433153,0.006647757,0.084227082,3.5,240,270,2087.193585,8
187,m,4.89,16,m,m16,10998.81482,22945.9371,0.633219681,0.006490678,0.056036041,13,312,532.5,2474.733335,10.4
188,m,4.26,16,m,m16,21304.17369,37309.97021,0.845962517,0.019335233,0.153353673,12.5,102.5,225,4793.43908,3.416666667
190,f,5.14,16,m,m16,20230.03912,37022.07527,0.870361089,0.047640795,0.216599979,17.5,361.5,161,4551.758802,12.05
135,m,4.16,17,m,m17,22968.22592,37158.13415,0.86416176,0.02833835,0.103163751,14,90,443.5,5167.850832,3
136,m,5.24,17,m,m17,10520.5591,25185.88935,0.754479769,0.035008451,0.248383876,10.5,82.5,396,2367.125798,2.75
137,f,4.98,17,m,m17,10717.70757,23899.12784,0.524232567,0.030254611,0.06796255,11.5,563.5,112,2411.484203,18.78333333
138,f,5.13,17,m,m17,7515.608584,18075.74489,0.725581099,0.041895541,0.149004988,16,434.5,272,1691.011931,14.48333333
143,m,4.55,18,m,m18,2660.610208,12674.35781,0.345057613,0.000237778,0.001907091,3,207,477.5,598.6372968,6.9
144,m,4.79,18,m,m18,4460.86285,16765.78818,0.496993886,0.001762238,0.004871478,2.5,82,398.5,1003.694141,2.733333333
145,f,4.58,18,m,m18,7611.925702,18950.88428,0.442124269,0.000572964,0.018047097,5,509,424.5,1712.683283,16.96666667
146,f,5.16,18,m,m18,5129.608742,17419.55909,0.503310251,0.043952886,0.058217807,3.5,189.5,316,1154.161967,6.316666667
115,m,3.74,19,m,m19,61510.44901,85489.21408,0.923129639,0.079723187,0.124756702,11,362.5,410.5,13839.85103,12.08333333
116,m,5.26,19,m,m19,18501.69557,32257.14543,0.854980791,0.010940494,0.060885283,10,102,114.5,4162.881503,3.4
117,f,5.41,19,m,m19,2148.465013,12299.25534,0.300155206,0.000785147,0.001524109,5.5,444.5,433,483.4046279,14.81666667
118,f,5.31,19,m,m19,3485.00813,14906.41037,0.29913932,0.006839887,0.009575999,5.5,240,235.5,784.1268293,8
191,m,5.25,20,m,m20,4310.145331,16089.77144,0.480424028,0.046069937,0.239188705,9,432.5,255.5,969.7826995,14.41666667
192,m,5.04,20,m,m20,3412.704826,14491.53332,0.449477285,0.035431427,0.3517989,10.5,282,357.5,767.8585859,9.4
193,f,4.49,20,m,m20,4384.125472,17801.87108,0.407370755,0.003589182,0.083080597,11,274.5,276.5,986.4282312,9.15
194,f,4.99,20,m,m20,5960.086921,17809.07391,0.530898645,0.040578676,0.101428045,14.5,307.5,275.5,1341.019557,10.25
205,f,4.57,21,m,m21,2351.734032,11384.35793,0.421553436,0.000976028,0.004456134,5.5,487.5,428,529.1401572,16.25
207,m,4.21,21,m,m21,14360.40696,31066.77613,0.780297681,0.030097807,0.055586106,8,133,198,3231.091566,4.433333333
208,m,5.34,21,m,m21,2869.615028,14538.37938,0.452823496,0.001364428,0.319384694,4.5,487,260,645.6633813,16.23333333
203,f,5.17,22,m,m22,8149.665877,21347.57561,0.683972207,0.007849188,0.068077078,12,484,487.5,1833.674822,16.13333333
204,f,5.16,22,m,m22,4225.966403,16626.64017,0.616195453,0.17156671,0.498868317,15,384,485,950.8424407,12.8
209,m,5.11,22,m,m22,4526.681002,15734.55096,0.55073823,0.003808625,0.239891708,11.5,417,469,1018.503225,13.9
210,m,5.15,22,m,m22,5388.92987,15857.84613,0.64363037,0.043720845,0.088970397,12.5,336,353.5,1212.509221,11.2
163,m,4.55,25,m,m25,12989.19782,24264.22033,0.653456646,0.006113055,0.012882257,8.5,368,304.5,2922.56951,12.26666667
164,m,4.94,25,m,m25,30001.80773,45085.2955,0.906069566,0.074492282,0.177349896,17,118.5,192.5,6750.406739,3.95
165,f,4.99,25,m,m25,11896.61877,23427.34737,0.865356175,0.074606303,0.183864802,15,444,556.5,2676.739223,14.8
166,f,5.07,25,m,m25,8241.933283,28631.15993,0.488051514,0.090713237,0.241276592,15.5,331.5,35,1854.434989,11.05
139,m,5.73,26,m,m26,9634.988553,21106.88878,0.766224692,0.008828721,0.058854122,17.5,507,332.5,2167.872424,16.9
140,m,4.55,26,m,m26,20021.76524,32823.58893,0.844442377,0.020736064,0.083595145,18,370,126,4504.897179,12.33333333
141,f,4.87,26,m,m26,14598.372,26827.95528,0.86044474,0.024731552,0.145046633,16.5,301.5,365,3284.6337,10.05
142,f,5.47,26,m,m26,3980.30864,15741.1172,0.446565545,0.016047332,0.127449122,9,411.5,223.5,895.569444,13.71666667
159,m,4.05,27,m,m27,106954.1341,130616.0178,0.924953536,0.123864737,0.24763006,13.5,300.5,472,24064.68017,10.01666667
160,m,5.04,27,m,m27,13478.16492,26820.85934,0.828010387,0.052324676,0.147925377,15,365,244.5,3032.587107,12.16666667
161,f,5.14,27,m,m27,19521.11656,33785.42098,0.907220507,0.077980997,0.139169678,15.5,390,399,4392.251226,13
162,f,4.12,27,m,m27,22491.20609,35021.81633,0.721682668,0.009203748,0.037522496,6.5,159.5,112,5060.52137,5.316666667
123,m,5.39,29,m,m29,11642.42466,23416.22401,0.792935244,0.129594406,0.526112527,13.5,301,330.5,2619.545549,10.03333333
124,m,4.34,29,m,m29,16668.83934,30651.52534,0.83240721,0.061380289,0.24329593,9.5,372,170,3750.488852,12.4
125,f,5.23,29,m,m29,8407.205341,20437.09944,0.751459125,0.022974188,0.548636317,10.5,517,295,1891.621202,17.23333333
126,f,5.38,29,m,m29,14779.7486,27622.94965,0.858213378,0.128199017,0.254544564,11.5,334,229,3325.443435,11.13333333
171,m,5.06,30,m,m30,2066.472361,16271.17641,0.26014623,0.019852885,0.160249605,5.5,313.5,274,464.9562812,10.45
172,m,4.34,30,m,m30,17950.72664,31047.80961,0.805984923,0.066797994,0.091552647,7.5,127.5,387.5,4038.913494,4.25
173,f,4.3,30,m,m30,3725.591248,15097.32569,0.433106468,0.025051567,0.076716286,10.5,369.5,387.5,838.2580308,12.31666667
174,f,4.74,30,m,m30,10857.66302,23232.51679,0.780978319,0.109393795,0.26432313,13.5,298,311,2442.97418,9.933333333
81,m,3.61,5,n,n5,51886.3728,69705.65419,0.906967257,0.139403653,0.232480951,14,251.5,285.5,11674.43388,8.383333333
82,f,3.74,5,n,n5,48158.6265,67109.10965,0.924381505,0.074970477,0.151463315,17,145.5,226,10835.69096,4.85
83,f,3.27,6,n,n6,35725.46057,55670.53054,0.834566685,0.131870864,0.204329984,7,399,488.5,8038.228628,13.3
84,f,3.2,6,n,n6,19452.11062,36998.21096,0.568602369,0.045188975,0.078074584,4,389,427,4376.72489,12.96666667
50,m,4.57,7,n,n7,30162.8663,46431.23097,0.773583363,0.034281193,0.089354953,14.5,352.5,495,6786.644918,11.75
51,f,4.64,7,n,n7,35499.97841,49938.42087,0.886845813,0.077700225,0.130420165,12.5,85.5,203,7987.495142,2.85
52,f,3.88,7,n,n7,25970.55862,74243.37316,0.470260172,0.179306373,0.803824544,7,183,481.5,5843.37569,6.1
17,f,4.01,8,n,n8,48435.99842,66083.01274,0.916128392,0.085886796,0.154493075,12.5,257,300,10898.09964,8.566666667
18,f,4.23,8,n,n8,42921.04392,61572.19584,0.819160288,0.08562217,0.247175701,11.5,476,430.5,9657.234882,15.86666667
19,m,3.96,8,n,n8,21436.49245,35436.88587,0.869342135,0.069684115,0.090076909,9.5,49.5,133.5,4823.210801,1.65
20,m,4.35,8,n,n8,18117.15603,33312.48787,0.847209728,0.05856246,0.175104592,10.5,115,184,4076.360107,3.833333333
85,m,4.31,9,n,n9,15899.63872,28472.97414,0.737890444,0.009373412,0.054200948,6.5,109.5,211.5,3577.418712,3.65
86,f,4.45,9,n,n9,2225.083353,14348.33887,0.247197326,0.011782625,0.331958003,7.5,317,221,500.6437544,10.56666667
87,f,3.64,9,n,n9,15916.63551,30230.84894,0.721501551,0.084030083,0.106087245,11,315,278.5,3581.24299,10.5
88,m,4.1,10,n,n10,3866.881511,15454.85715,0.439201209,0.003836584,0.006787076,3.5,363,201.5,870.04834,12.1
89,m,4.02,10,n,n10,25606.33937,44449.3178,0.793739478,0.031343287,0.054620389,11.5,348.5,162,5761.426358,11.61666667
33,m,4.68,13,n,n13,8350.879377,22595.47219,0.672764932,0.117747511,0.242553398,20,414,441,1878.94786,13.8
34,m,4.09,13,n,n13,21065.5575,35910.74586,0.726738968,0.027886711,0.058996191,13,273,334,4739.750438,9.1
35,f,4.47,13,n,n13,14490.82122,29542.78597,0.670025912,0.034990427,0.077233084,14,231.5,391,3260.434775,7.716666667
36,f,4.35,13,n,n13,15691.51659,28858.87194,0.792212012,0.053425111,0.120102626,16,573,27,3530.591233,19.1
77,m,4.31,15,n,n15,11582.3612,24808.58299,0.601877686,0.01551186,0.272498537,10.5,372.5,167.5,2606.03127,12.41666667
78,m,3.25,15,n,n15,31083.16111,60119.00153,0.709265962,0.048167339,0.081878437,3,451,501.5,6993.71125,15.03333333
79,f,4.37,15,n,n15,8264.296977,23463.96096,0.639282589,0.013343057,0.109696042,13,475,281.5,1859.46682,15.83333333
80,f,4.45,15,n,n15,20570.01622,33821.95606,0.738691512,0.034348819,0.102564007,11.5,351,392,4628.25365,11.7
45,m,3.3,16,n,n16,34077.31482,57573.81444,0.812858822,0.083927373,0.131410409,7.5,281,408,7667.395835,9.366666667
46,m,3.44,16,n,n16,12331.08199,27274.63338,0.73224697,0.087655219,0.195416745,12.5,562.5,318,2774.493448,18.75
47,f,3.5,16,n,n16,14754.03225,29078.32327,0.620066434,0.009641541,0.017191237,9.5,278.5,195.5,3319.657256,9.283333333
48,f,3.2,16,n,n16,18664.04524,34680.18123,0.744902111,0.048137717,0.084365574,7,188.5,260.5,4199.410179,6.283333333
94,m,3.56,17,n,n17,21707.30681,34635.1593,0.752483354,0.014649295,0.0276845,7,146,208.5,4884.144032,4.866666667
95,f,4.09,17,n,n17,6122.276505,22044.14469,0.442257358,0.002034079,0.074255528,6,553,321.5,1377.512214,18.43333333
96,f,3.55,17,n,n17,25379.29271,41288.48486,0.813530957,0.01339401,0.027149506,3,338,335,5710.34086,11.26666667
21,m,3.3,18,n,n18,75012.76456,100237.4599,0.869469499,0.055344435,0.086725123,4,314.5,280.5,16877.87203,10.48333333
22,m,3.7,18,n,n18,22246.29767,37393.58959,0.847304542,0.027260683,0.041943025,6,207.5,117.5,5005.416976,6.916666667
23,f,4.15,18,n,n18,38523.69371,64529.08785,0.822599095,0.02607183,0.05155197,3.5,357.5,394,8667.831085,11.91666667
24,f,3.74,18,n,n18,3014.913622,14566.22799,0.268501657,0.000633645,0.001408277,8,282.5,312.5,678.355565,9.416666667
53,m,4.86,19,n,n19,7229.280105,18940.05274,0.633187551,0.019795746,0.059965294,13.5,569.5,297.5,1626.588024,18.98333333
54,m,4.74,19,n,n19,30837.42513,44335.45458,0.919432528,0.047835299,0.088992424,6.5,253,297,6938.420654,8.433333333
55,f,4.54,19,n,n19,15428.98791,31461.31293,0.789062057,0.092878618,0.161747821,6.5,192.5,153,3471.52228,6.416666667
56,f,4.67,19,n,n19,4264.946256,16045.82316,0.531260704,0.256588057,0.572392732,13,288,394,959.6129076,9.6
69,m,4.28,20,n,n20,18898.29535,33516.60187,0.84248666,0.020859612,0.034032315,5.5,404,200,4252.116454,13.46666667
70,m,3.77,20,n,n20,58054.01206,76143.05273,0.916504991,0.089536548,0.156177961,19,161,219,13062.15271,5.366666667
71,f,4.08,20,n,n20,55436.95238,78209.52128,0.904289227,0.131071664,0.17365038,8,287,384.5,12473.31429,9.566666667
72,f,4.36,20,n,n20,6906.776284,19116.82749,0.517528427,0.004539158,0.016374969,8.5,506.5,291,1554.024664,16.88333333
103,f,3.95,21,n,n21,8473.925216,22283.77755,0.539616786,0.003200363,0.177499324,12,421.5,470,1906.633174,14.05
104,f,3.64,21,n,n21,6185.598454,19617.13876,0.456611737,0.005409354,0.006979115,4,446,153,1391.759652,14.86666667
41,f,4.97,22,n,n22,6248.555929,19417.15318,0.717695297,0.148039922,0.31782034,14.5,463.5,526.5,1405.925084,15.45
42,f,4.12,22,n,n22,4012.288704,17361.58126,0.382891832,0.16755797,0.266380131,12,387.5,406,902.7649584,12.91666667
43,m,4.65,22,n,n22,15919.29129,29305.67472,0.471673983,0.064977512,0.08510077,5.5,282,307.5,3581.84054,9.4
44,m,5.03,22,n,n22,8509.387569,22580.3143,0.559192116,0.343576255,0.576865219,11.5,207.5,172.5,1914.612203,6.916666667
37,f,3.89,24,n,n24,13429.8131,28175.93917,0.782551559,0.056236393,0.08044232,8,301.5,100,3021.707948,10.05
38,f,4.7,24,n,n24,7505.416649,21205.23253,0.627778833,0.120421315,0.180706051,10,400,500.5,1688.718746,13.33333333
39,m,4.51,24,n,n24,10466.22055,23831.03519,0.76409459,0.017859555,0.066512024,8.5,283,211.5,2354.899624,9.433333333
40,m,4.21,24,n,n24,27017.73829,43164.11587,0.894365135,0.038081181,0.05968572,10.5,392.5,176,6078.991115,13.08333333
61,m,3.99,26,n,n26,22545.4144,35518.4905,0.693474026,0.041149234,0.09214407,11,265.5,394.5,5072.71824,8.85
62,f,3.94,26,n,n26,24738.39422,60496.33987,0.801131076,0.025835929,0.049527321,16.5,405,163,5566.1387,13.5
63,f,4.16,26,n,n26,32995.89116,52532.74063,0.864212166,0.023366305,0.05096834,13,119.5,242,7424.075511,3.983333333
64,f,3.93,26,n,n26,37661.04166,53085.38751,0.90604156,0.026042197,0.05632899,6,287,487,8473.734374,9.566666667
10,m,3.72,30,n,n30,71502.66025,96513.24145,0.913086646,0.114105098,0.261847429,11,345.5,460.5,16088.09856,11.51666667
11,f,4,30,n,n30,9342.414916,34039.60196,0.583395723,0.010551709,0.047842862,6.5,340.5,54,2102.043356,11.35
12,f,4.04,30,n,n30,3077.036264,15526.19664,0.241154036,0.000356666,0.08913761,2.5,304,197,692.3331594,10.13333333
9,m,3.8,30,n,n30,30977.91398,44423.39171,0.846280645,0.049247402,0.082749412,16.5,161,200.5,6970.030646,5.366666667
105,m,4.07,32,n,n32,12724.12042,27689.19536,0.753455735,0.085602083,0.490708545,8,451.5,258,2862.927095,15.05
106,m,3.74,32,n,n32,33125.08225,51161.78665,0.876402225,0.05069997,0.102224289,9,206,281.5,7453.143506,6.866666667
25,m,4.55,33,n,n33,55375.11966,69260.26997,0.920132298,0.050926797,0.164368987,10,354.5,231,12459.40192,11.81666667
26,m,4.61,33,n,n33,19395.30088,32604.35786,0.632606186,0.023188621,0.044616526,10,148.5,533.5,4363.942698,4.95
27,f,4.47,33,n,n33,6215.579116,16400.88463,0.530735915,0.003036675,0.006848188,6.5,192.5,136.5,1398.505301,6.416666667
28,f,4.12,33,n,n33,3164.996488,14420.90275,0.319784311,0.002441969,0.384185288,5.5,369,401.5,712.1242098,12.3
92,f,4.74,34,n,n34,33173.10897,48951.16702,0.892494137,0.020215844,0.064195255,5.5,267,338,7463.949518,8.9
93,f,4.48,34,n,n34,10872.71114,21728.89024,0.511580559,0.009460711,0.020312255,12.5,219.5,252.5,2446.360007,7.316666667
1,m,4.74,39,n,n39,8016.412184,21794.86119,0.573390715,0.006512598,0.064210226,7.5,550.5,480.5,1803.692741,18.35
2,m,4.68,39,n,n39,3743.93017,15850.04919,0.329264425,0.001198293,0.044862379,3.5,455,456,842.3842883,15.16666667
3,f,4.55,39,n,n39,5499.83191,15009.41785,0.329577923,0.00251247,0.004452245,4.5,311.5,224,1237.46218,10.38333333
4,f,4.7,39,n,n39,1938.328837,12339.69052,0.278076598,0.166072482,0.34945266,6.5,336.5,207.5,436.1239883,11.21666667
320,m,4.77,41,n,n41,7880.781412,18242.50486,0.46451533,0.017932197,0.065059617,8,154,258,1773.175818,5.133333333
97,m,4.66,41,n,n41,19407.93581,40220.94931,0.86850506,0.031071299,0.091996506,12.5,438.5,115,4366.785557,14.61666667
98,f,4.92,41,n,n41,10013.21974,22020.48271,0.570596869,0.013804583,0.029964165,11,153,196,2252.974442,5.1
90,f,3.82,51,n,n51,36505.00729,53072.9579,0.877399612,0.048981795,0.123972126,19,370.5,282.5,8213.62664,12.35
91,f,4.41,51,n,n51,11910.54698,24485.09411,0.624047433,0.007079407,0.061837508,12,246.5,290,2679.873071,8.216666667
65,f,4.5,53,n,n53,14138.95608,26366.55969,0.667880753,0.01825022,0.065974841,20.5,278.5,42,3181.265118,9.283333333
66,f,5.04,53,n,n53,4825.670064,19789.33307,0.46110165,0.014544757,0.020086922,6.5,411,448.5,1085.775764,13.7
67,m,4.25,53,n,n53,43571.20742,62050.35768,0.918853413,0.095795077,0.170016207,13,202,317.5,9803.52167,6.733333333
68,m,4.56,53,n,n53,17700.34623,31002.05589,0.849342654,0.065737428,0.280767348,6,96.5,118,3982.577902,3.216666667
13,m,4.57,58,n,n58,5597.763056,16307.53757,0.48772085,0.0021199,0.004643016,5.5,308.5,450.5,1259.496688,10.28333333
14,m,4.72,58,n,n58,8264.255311,24654.34617,0.597799566,0.005858402,0.010902763,3.5,67.5,297.5,1859.457445,2.25
15,f,4.64,58,n,n58,36884.68126,55024.52786,0.872544447,0.038825479,0.087680919,7.5,298,417,8299.053284,9.933333333
16,f,5.02,58,n,n58,18234.67752,34557.31475,0.792947965,0.042281304,0.094559387,8.5,137.5,245.5,4102.802442,4.583333333
73,m,4,59,n,n59,11738.74751,26141.75423,0.827008248,0.03042651,0.06046867,11,586,329.5,2641.21819,19.53333333
74,m,3.51,59,n,n59,84957.60912,123693.0347,0.916982465,0.182509176,0.294703513,3.5,496,9,19115.46205,16.53333333
75,f,3.63,59,n,n59,13992.24372,29195.19719,0.461839705,0.057777982,0.129788205,8.5,144,132,3148.254837,4.8
29,m,4.38,60,n,n60,54814.97873,72765.01053,0.913233759,0.073951649,0.175940193,14,285.5,412,12333.37021,9.516666667
30,m,4.85,60,n,n60,13271.01658,29738.54624,0.799214823,0.031607081,0.168574241,22.5,485,297.5,2985.978731,16.16666667
31,f,4.99,60,n,n60,14101.28971,28983.40163,0.817910242,0.135796331,0.382824644,30,429.5,553.5,3172.790185,14.31666667
57,m,4.69,63,n,n63,11760.42314,26185.99214,0.762273722,0.026485291,0.038500108,10,280,382,2646.095207,9.333333333
58,m,4.35,63,n,n63,29493.13444,56698.36138,0.843930265,0.065006212,0.115373273,15.5,435.5,201,6635.955249,14.51666667
59,f,4.81,63,n,n63,14286.587,27095.70712,0.747490018,0.054065348,0.120372877,11,174,287.5,3214.482075,5.8
60,f,4.8,63,n,n63,13487.24212,26934.49796,0.821840343,0.011761825,0.151403044,11,339.5,128,3034.629477,11.31666667
5,m,4.95,72,n,n72,8726.586081,20538.49512,0.712451337,0.066853164,0.098424944,7.5,227.5,514.5,1963.481868,7.583333333
6,m,5,72,n,n72,7027.158141,21803.65943,0.640451331,0.045149444,0.07147655,4.5,425.5,322,1581.110582,14.18333333
7,f,4.62,72,n,n72,9902.382531,22089.24404,0.660206425,0.015879309,0.033846967,9.5,443.5,490,2228.036069,14.78333333
8,f,5.04,72,n,n72,13379.82119,26346.65788,0.834026553,0.017454214,0.188081548,12,270,92,3010.459768,9
100,m,4.42,74,n,n74,14744.50684,28576.37198,0.81705788,0.038868512,0.157105073,10,381.5,341.5,3317.514039,12.71666667
101,f,4.58,74,n,n74,24606.26497,37684.38097,0.865017349,0.057341471,0.082452059,9.5,156.5,273.5,5536.409618,5.216666667
102,f,4.17,74,n,n74,25617.01793,40306.87492,0.823385145,0.063337257,0.091728846,8.5,165.5,366,5763.829034,5.516666667
99,m,4.37,74,n,n74,23205.3976,42237.9144,0.841210295,0.044842915,0.068962809,9,180,157.5,5221.21446,6