Peak_ID	Potential	Bound_FC	Bound_NC	p_value	padj	log2FC
peak_17	150	0	52	2.0568325777571243e-18	3.336785079966494e-17	-5.7279204545632
peak_22	450	0	84	1.4357215137559737e-27	6.529969099172259e-26	-6.409390936137702
peak_31	104	0	30	1.6102902147658526e-10	8.791873905699092e-10	-4.954196310386875
peak_32	443	0	14	0.00010997962203220393	0.0002497709293945817	-3.9068905956085187
peak_36	411	0	50	3.6338872388354755e-16	4.396917243379552e-15	-5.672425341971495
peak_38	191	0	33	5.128511489361636e-11	3.03070040914248e-10	-5.087462841250339
peak_39	262	0	67	1.0610030175912977e-22	2.844604932426353e-21	-6.087462841250339
peak_46	64	0	34	2.697755187812564e-13	2.202302071589295e-12	-5.129283016944966
peak_64	100	0	21	2.9526107357401764e-07	9.862687926465875e-07	-4.459431618637297
peak_99	112	0	11	0.0007547036952739013	0.0015298291379726436	-3.584962500721156
peak_174	423	6	57	3.1963172267086493e-12	2.2708563393101617e-11	-3.050626073069968
peak_180	1270	52	392	1.2949074164003462e-77	1.3192516758286727e-74	-2.890465047695407
peak_239	451	7	54	1.186893202415742e-10	6.600473769766146e-10	-2.7813597135246595
peak_247	166	0	84	6.339095200322179e-32	3.986586537091504e-30	-6.409390936137702
peak_252	262	0	48	6.634275668696597e-16	7.594382080076509e-15	-5.614709844115208
peak_268	160	0	15	4.32770768276597e-05	0.00010477824589358294	-4.0
peak_310	427	10	50	5.989731685519805e-08	2.2061961826491603e-07	-2.2129937233341983
peak_314	183	0	72	6.601760608426893e-26	2.4020977528090422e-24	-6.189824558880018
peak_324	141	0	11	0.0007974433178758015	0.0016068735210677742	-3.584962500721156
peak_345	178	0	26	1.113677202737096e-08	4.56401582521542e-08	-4.754887502163468
peak_349	391	0	28	4.514015893966692e-09	1.9670142826232957e-08	-4.857980995127572
peak_354	206	0	92	7.150813245444042e-34	5.130456714407316e-32	-6.539158811108031
peak_378	83	0	11	0.0006854503160276035	0.0014017197550560466	-3.584962500721156
peak_381	323	0	22	3.293780899724102e-07	1.0912899927288241e-06	-4.523561956057013
peak_409	128	0	31	1.177071524010923e-10	6.560177618502889e-10	-5.0
peak_426	137	0	35	4.8115705071200825e-12	3.334712947383633e-11	-5.169925001442312
peak_427	161	0	9	0.0034824343186760343	0.0062091426038976966	-3.321928094887362
peak_432	211	0	28	2.8557695291148813e-09	1.2771984180255669e-08	-4.857980995127572
peak_451	276	0	30	8.097900493902231e-10	3.977888632202311e-09	-4.954196310386875
peak_460	160	0	20	1.0130769105169802e-06	3.0957491194802023e-06	-4.392317422778761
peak_464	292	0	29	1.7931097672923471e-09	8.303728322352015e-09	-4.906890595608519
peak_472	248	0	18	5.541074092247236e-06	1.5340343166254035e-05	-4.247927513443585
peak_489	161	0	16	2.0627391758977984e-05	5.2380824337105605e-05	-4.087462841250339
peak_548	266	0	24	6.926329173716691e-08	2.5346782191747717e-07	-4.643856189774724
peak_549	359	0	19	2.9873079128176355e-06	8.60709644111597e-06	-4.321928094887363
peak_550	230	0	41	1.2839822376305648e-13	1.0974170333037076e-12	-5.392317422778761
peak_554	157	0	11	0.0008146707539646138	0.0016357638236877189	-3.584962500721156
peak_555	267	0	31	3.6963124416474084e-10	1.905770807464767e-09	-5.0
peak_583	266	0	39	8.092749894061505e-13	6.199168114338242e-12	-5.321928094887363
peak_691	247	0	9	0.0036270649854242398	0.006439968294092394	-3.321928094887362
peak_720	476	24	201	2.1302757643499007e-45	4.019120275406812e-43	-3.01435529297707
peak_823	164	0	23	1.0407685101594492e-07	3.720473537369989e-07	-4.584962500721156
peak_979	116	0	27	2.6876208579349916e-09	1.2062326564159337e-08	-4.807354922057605
peak_1013	299	0	25	3.5320763477388606e-08	1.3407151203712187e-07	-4.700439718141092
peak_1019	246	0	23	1.390663259252402e-07	4.895672869821518e-07	-4.584962500721156
peak_1020	81	0	11	0.0006790643455554168	0.0013903351190752786	-3.584962500721156
peak_1024	251	21	94	3.3883626355914173e-15	3.536950669201369e-14	-2.1104239896936505
peak_1028	241	0	16	2.3594676555880944e-05	5.8946190473593686e-05	-4.087462841250339
peak_1124	147	0	11	0.0008043154572090554	0.0016200802447698412	-3.584962500721156
peak_1152	172	0	14	9.268261693812157e-05	0.00021479765727151559	-3.9068905956085187
peak_1154	147	0	41	3.5314271673512626e-14	3.2471281571276773e-13	-5.392317422778761
peak_1158	100	0	24	2.4841185277994135e-08	9.637547433823468e-08	-4.643856189774724
peak_1160	231	0	47	1.0479832395878416e-15	1.1732805763649374e-14	-5.584962500721156
peak_1161	142	0	29	7.579022157328421e-10	3.751947411995236e-09	-4.906890595608519
peak_1167	261	0	11	0.0008769977593361489	0.0017369465731175515	-3.584962500721156
peak_1208	104	0	31	6.694464937790626e-11	3.8800792966005505e-10	-5.0
peak_1252	107	0	15	3.604159720024016e-05	8.792906903162039e-05	-4.0
peak_1256	217	0	14	9.831251566032941e-05	0.00022619871489327825	-3.9068905956085187
peak_1257	138	0	21	4.1885465316094495e-07	1.361611744225816e-06	-4.459431618637297
peak_1273	145	0	41	3.350666677627439e-14	3.086491149337102e-13	-5.392317422778761
peak_1275	217	0	33	6.241498166503859e-11	3.6461228968085615e-10	-5.087462841250339
peak_1276	114	7	40	5.590305286531035e-08	2.0605654941815548e-07	-2.357552004618084
peak_1333	72	0	20	4.1202859164461535e-07	1.3411333200240707e-06	-4.392317422778761
peak_1444	120	0	59	2.3561365288268406e-22	6.031235918514536e-21	-5.906890595608519
peak_1445	136	0	94	6.613249482922518e-40	7.486198414668289e-38	-6.569855608330948
peak_1447	189	0	28	2.5312822345923266e-09	1.1421037823749612e-08	-4.857980995127572
peak_1511	173	0	14	9.283636988938162e-05	0.0002149583946438682	-3.9068905956085187
peak_1549	105	0	18	3.4422013625212775e-06	9.79585125177843e-06	-4.247927513443585
peak_1553	257	0	11	0.0008755003982639885	0.0017346553981939935	-3.584962500721156
peak_1575	135	0	17	8.91994258308717e-06	2.38145636888082e-05	-4.169925001442312
peak_1589	307	0	57	7.886688346937069e-19	1.3618573030270314e-17	-5.857980995127572
peak_1592	168	0	31	2.0275065395118133e-10	1.0952405421286508e-09	-5.0
peak_1612	44	0	18	8.513577189058685e-07	2.6363624438337355e-06	-4.247927513443585
peak_1624	203	0	57	1.4137719721515498e-19	2.6380052843003646e-18	-5.857980995127572
peak_1658	192	0	28	2.577788345747098e-09	1.1610304008165975e-08	-4.857980995127572
peak_1696	155	0	19	2.120915788220692e-06	6.258672837891909e-06	-4.321928094887363
peak_1701	62	0	16	1.0059798776424112e-05	2.6606757511476857e-05	-4.087462841250339
peak_1761	212	14	64	2.3956204705639335e-10	1.2725016347291635e-09	-2.115477217419936
peak_1769	262	0	54	5.268267722315913e-18	8.03489693936445e-17	-5.78135971352466
peak_1799	115	0	29	4.933674279148586e-10	2.4907965092153514e-09	-4.906890595608519
peak_1813	475	39	160	7.877118589791972e-23	2.2047275877143024e-21	-2.0089887832272546
peak_1815	185	0	82	3.536705657065002e-30	1.8964188017988549e-28	-6.3750394313469245
peak_1818	278	0	54	6.401732325110602e-18	9.563174329652026e-17	-5.78135971352466
peak_1825	139	0	15	4.0967062197002474e-05	9.942173169677494e-05	-4.0
peak_1838	281	0	20	1.3436752771071193e-06	4.047712514242262e-06	-4.392317422778761
peak_1856	183	0	15	4.5270073458113485e-05	0.00010903345352039248	-4.0
peak_1886	210	0	37	2.5560380517626207e-12	1.844257483807194e-11	-5.247927513443585
peak_1969	166	0	41	5.409502531565306e-14	4.868552278408776e-13	-5.392317422778761
peak_2002	80	0	32	9.430892248750308e-12	6.222922942374878e-11	-5.044394119358453
peak_2008	68	0	24	1.0068846043362877e-08	4.1463784757389244e-08	-4.643856189774724
peak_2035	170	0	9	0.0035042234287989706	0.006243621597167526	-3.321928094887362
peak_2040	365	0	53	2.8988255312899525e-17	3.896205080841957e-16	-5.754887502163468
peak_2074	54	0	35	1.2807774579120012e-14	1.2353667800964304e-13	-5.169925001442312
peak_2139	55	0	24	4.710561110602897e-09	2.042178578503077e-08	-4.643856189774724
peak_2153	169	0	40	1.3233011703356397e-13	1.1291283352914151e-12	-5.357552004618084
peak_2154	275	0	26	1.6033894625273282e-08	6.431233009538747e-08	-4.754887502163468
peak_2190	286	0	15	5.055632997586649e-05	0.00012048663548698531	-4.0
peak_2203	230	0	15	4.821733049978757e-05	0.00011547676613348278	-4.0
peak_2229	306	0	27	8.18045025303425e-09	3.418475273909473e-08	-4.807354922057605
peak_2281	129	0	10	0.0016295450353724513	0.0030698603587970665	-3.4594316186372973
peak_2311	385	0	21	7.206118441429221e-07	2.256175005571017e-06	-4.459431618637297
peak_2347	216	0	18	5.2739518512404055e-06	1.463263111667681e-05	-4.247927513443585
peak_2361	120	0	24	3.323311161001439e-08	1.267136755549501e-07	-4.643856189774724
peak_2473	159	0	56	7.519178542019187e-20	1.467536225787193e-18	-5.832890014164742
peak_2521	221	0	33	6.404457293421898e-11	3.728492051736131e-10	-5.087462841250339
peak_2532	121	0	12	0.0003666619052108806	0.0007814961276754083	-3.700439718141092
peak_2590	260	0	62	6.927778805405496e-21	1.5145967911903689e-19	-5.977279923499917
peak_2611	274	0	46	3.613332189608698e-15	3.7640724281936004e-14	-5.554588851677638
peak_2745	408	0	13	0.00022155374995126327	0.0004829246051569256	-3.807354922057604
peak_2788	571	0	41	4.319380291461779e-13	3.4382163152789526e-12	-5.392317422778761
peak_2792	86	6	58	2.5935025384989302e-17	3.541904002979504e-16	-3.075288127304237
peak_2795	217	11	122	7.378391894712748e-34	5.220212265509269e-32	-3.357552004618084
peak_2814	214	0	27	6.212623195141022e-09	2.646078809034144e-08	-4.807354922057605
peak_2901	359	0	58	5.662745968126403e-19	9.912724385441888e-18	-5.882643049361842
peak_2907	110	8	43	1.9367634614986102e-08	7.630218927203341e-08	-2.2895066171949847
peak_2911	299	0	18	5.861484440777608e-06	1.6104855308155952e-05	-4.247927513443585
peak_2942	11	0	11	2.835142154027603e-06	8.210468523374991e-06	-3.584962500721156
peak_3010	195	6	37	4.226842944147307e-07	1.3723096212547088e-06	-2.4405725913859815
peak_3038	129	0	21	3.934740297174527e-07	1.2881469841778303e-06	-4.459431618637297
peak_3092	155	0	39	2.352600327014832e-13	1.9423251322226183e-12	-5.321928094887363
peak_3095	254	11	69	4.191049081852715e-13	3.351523394498859e-12	-2.5443205162238103
peak_3122	115	0	21	3.494416232238475e-07	1.1519934339975475e-06	-4.459431618637297
peak_3130	270	0	28	3.5621969093031455e-09	1.5683518630933642e-08	-4.857980995127572
peak_3154	252	0	35	1.6371958831180574e-11	1.0450972216294967e-10	-5.169925001442312
peak_3184	591	0	12	0.0004615103667593523	0.0009654758966210023	-3.700439718141092
peak_3339	121	0	41	1.5113500821474547e-14	1.4444310165964605e-13	-5.392317422778761
peak_3352	160	0	61	7.033853879993144e-22	1.739342313819664e-20	-5.954196310386875
peak_3383	165	5	43	1.1121840080898833e-09	5.3097144678630415e-09	-2.8744691179161412
peak_3393	83	0	34	1.6111930531921894e-12	1.1912071716924548e-11	-5.129283016944966
peak_3400	290	0	64	2.1661071913595633e-21	5.108402792956303e-20	-6.022367813028454
peak_3426	11	0	11	2.835142154027603e-06	8.210468523374991e-06	-3.584962500721156
peak_3427	223	0	14	9.890489532148168e-05	0.00022735628915506663	-3.9068905956085187
peak_3520	278	0	26	1.6146789397975804e-08	6.466332169283707e-08	-4.754887502163468
peak_3522	135	0	21	4.106302744877278e-07	1.3382921421884105e-06	-4.459431618637297
peak_3575	173	0	14	9.283636988938162e-05	0.0002149583946438682	-3.9068905956085187
peak_3584	48	0	22	2.0535229813607196e-08	8.065262966115271e-08	-4.523561956057013
peak_3588	99	0	50	3.9585770066251856e-19	7.07543553394691e-18	-5.672425341971495
peak_3592	276	0	34	3.942673370003831e-11	2.376802147550238e-10	-5.129283016944966
peak_3611	174	0	52	4.958496298901167e-18	7.60973095651317e-17	-5.7279204545632
peak_3632	233	0	27	6.701429880167918e-09	2.844756984131281e-08	-4.807354922057605
peak_3642	326	0	10	0.0018210062640978523	0.00337684962115561	-3.4594316186372973
peak_3727	104	0	10	0.0015568202859220018	0.0029470243539526856	-3.4594316186372973
peak_3733	307	0	16	2.4972602919908373e-05	6.214481645042172e-05	-4.087462841250339
peak_3767	339	0	21	6.928953924510186e-07	2.174743764106894e-06	-4.459431618637297
peak_3779	161	0	39	2.6436818941384944e-13	2.1616236867963867e-12	-5.321928094887363
peak_3802	149	0	51	4.959620489914355e-18	7.60973095651317e-17	-5.700439718141092
peak_3810	174	0	33	4.354565233552694e-11	2.597442072566443e-10	-5.087462841250339
peak_3818	297	0	30	8.616154124934638e-10	4.20811976149732e-09	-4.954196310386875
peak_3833	154	0	59	3.420582038497791e-21	7.848849055904391e-20	-5.906890595608519
peak_3854	73	0	13	0.00013599629531584742	0.0003047800828591847	-3.807354922057604
peak_3867	259	0	23	1.4305905245618427e-07	5.022348816070315e-07	-4.584962500721156
peak_3868	235	0	16	2.3434882497076453e-05	5.8604463151746417e-05	-4.087462841250339
peak_3899	300	10	62	2.1452039555076534e-11	1.3391751163426455e-10	-2.5178483048626195
peak_3923	214	0	16	2.281289079183772e-05	5.7330471481806296e-05	-4.087462841250339
peak_3961	139	0	25	1.821886736016584e-08	7.239228575092419e-08	-4.700439718141092
peak_4040	240	0	14	0.00010043397719804188	0.00023045526119226366	-3.9068905956085187
peak_4044	293	0	24	7.297169580740441e-08	2.662735089132651e-07	-4.643856189774724
peak_4067	429	20	108	4.3933916521951066e-18	6.78179911402481e-17	-2.375866901998166
peak_4122	222	0	16	2.3062213911151813e-05	5.7842893975089776e-05	-4.087462841250339
peak_4158	109	0	11	0.0007490959480317753	0.001519671349770555	-3.584962500721156
peak_4200	210	0	17	1.089181370802825e-05	2.867333283136739e-05	-4.169925001442312
peak_4254	255	0	25	3.212235068363141e-08	1.2284628707388769e-07	-4.700439718141092
peak_4260	116	0	34	6.80337052832644e-12	4.5841758559913865e-11	-5.129283016944966
peak_4278	365	0	28	4.349567778345369e-09	1.900231411911776e-08	-4.857980995127572
peak_4285	148	0	13	0.00018540152911937548	0.00040937814882275627	-3.807354922057604
peak_4288	377	0	28	4.427632894912431e-09	1.9310241409832127e-08	-4.857980995127572
peak_4295	180	0	106	4.007166136379859e-42	6.185607363248182e-40	-6.741466986401147
peak_4296	338	0	78	4.319858949194095e-26	1.6062307654886657e-24	-6.303780748177103
peak_4297	275	5	96	6.777061460652466e-27	2.8297009082429233e-25	-4.014950341465972
peak_4348	118	0	10	0.0016011113739193973	0.0030212075905670316	-3.4594316186372973
peak_4362	61	0	11	0.0005958835316280488	0.0012314120527842924	-3.584962500721156
peak_4384	205	0	22	2.6303253372359004e-07	8.844143411141701e-07	-4.523561956057013
peak_4444	270	0	42	8.068574307807625e-14	7.123278600341775e-13	-5.426264754702098
peak_4447	206	0	13	0.00020083201719268097	0.00044039530588872874	-3.807354922057604
peak_4449	91	0	33	6.6208897304056806e-12	4.473052027412008e-11	-5.087462841250339
peak_4462	357	0	30	9.863941671792129e-10	4.753729316566613e-09	-4.954196310386875
peak_4465	97	0	38	7.797362168328044e-14	6.895792167615114e-13	-5.285402218862249
peak_4508	194	0	13	0.00019834013365434728	0.00043568117327953644	-3.807354922057604
peak_4548	44	0	22	1.3881412700083143e-08	5.612056848747899e-08	-4.523561956057013
peak_4652	343	0	18	6.06850259109509e-06	1.65575534006633e-05	-4.247927513443585
peak_4736	246	0	30	7.26744406289927e-10	3.6012023401175957e-09	-4.954196310386875
peak_4814	305	0	23	1.5497822109053528e-07	5.399856759474602e-07	-4.584962500721156
peak_4838	123	0	11	0.0007731065634688569	0.0015634000930172122	-3.584962500721156
peak_4863	204	0	16	2.2476974528834406e-05	5.665398725872462e-05	-4.087462841250339
peak_4872	184	0	26	1.1528301111384104e-08	4.713095173466342e-08	-4.754887502163468
peak_4875	137	0	28	1.6026106939970038e-09	7.462247600750217e-09	-4.857980995127572
peak_4891	466	0	30	1.1501788438939799e-09	5.480833518050452e-09	-4.954196310386875
peak_4930	182	11	53	5.521314206933449e-09	2.367472606912373e-08	-2.1699250014423126
peak_4932	431	0	56	4.105970811872646e-18	6.376772962097335e-17	-5.832890014164742
peak_4961	145	0	31	1.5455615237661392e-10	8.45659549093954e-10	-5.0
peak_4966	144	0	21	4.34635816097356e-07	1.4093156252068309e-06	-4.459431618637297
peak_4983	388	0	29	2.163807894084259e-09	9.876736032674925e-09	-4.906890595608519
peak_5005	389	0	95	7.194854621228351e-32	4.469584078114295e-30	-6.584962500721156
peak_5008	280	0	41	1.873254167638682e-13	1.5643207754018765e-12	-5.392317422778761
peak_5083	84	0	18	2.7541451218174005e-06	7.994082763839224e-06	-4.247927513443585
peak_5119	66	0	19	8.399150075062021e-07	2.6056802973426273e-06	-4.321928094887363
peak_5155	168	0	23	1.0630565428486688e-07	3.792163886044201e-07	-4.584962500721156
peak_5163	154	10	103	1.633127717071586e-30	9.347362461531078e-29	-3.241008099503795
peak_5191	305	0	41	2.152531639996322e-13	1.7829262071774415e-12	-5.392317422778761
peak_5362	256	0	46	3.0801417460161235e-15	3.2284448671206034e-14	-5.554588851677638
peak_5373	642	0	33	1.5268397415143655e-10	8.363141551907718e-10	-5.087462841250339
peak_5375	429	0	22	3.6176474326853076e-07	1.1904583993603977e-06	-4.523561956057013
peak_5395	142	0	27	3.8035013407700346e-09	1.6702617094726343e-08	-4.807354922057605
peak_5414	478	0	32	2.722848132719905e-10	1.429916328667546e-09	-5.044394119358453
peak_5473	152	0	47	2.0863845048861715e-16	2.5609741368410017e-15	-5.584962500721156
peak_5501	370	0	27	9.110113100271543e-09	3.7667951406479906e-08	-4.807354922057605
peak_5547	720	0	23	1.994447288851667e-07	6.809460113545839e-07	-4.584962500721156
peak_5588	1674	7	160	1.8224549116497598e-40	2.3208963299859692e-38	-4.330916878114617
peak_5614	169	0	10	0.0017030582790930288	0.0031929992174088654	-3.4594316186372973
peak_5639	189	0	46	1.2518110242597082e-15	1.383237604680901e-14	-5.554588851677638
peak_5672	139	0	10	0.0016516892988236583	0.003106981273341106	-3.4594316186372973
peak_5679	111	0	19	1.644458523521058e-06	4.8958922962105605e-06	-4.321928094887363
peak_5681	354	0	26	1.8509521816546343e-08	7.331843245216724e-08	-4.754887502163468
peak_5713	231	0	59	4.922394297309859e-20	9.756683482683433e-19	-5.906890595608519
peak_5760	1049	0	25	5.157552525726453e-08	1.9163072622939861e-07	-4.700439718141092
peak_6017	55	0	22	3.4151568051871e-08	1.2992388921301784e-07	-4.523561956057013
peak_6022	71	0	25	4.5529184765344824e-09	1.9822706597834746e-08	-4.700439718141092
peak_6077	879	0	21	8.451009804996305e-07	2.6185793154897306e-06	-4.459431618637297
peak_6092	373	5	58	2.1956902170718885e-13	1.8157217476889933e-12	-3.297680548640685
peak_6097	136	0	17	8.957559631408044e-06	2.3889952231619152e-05	-4.169925001442312
peak_6107	392	0	35	2.6308030494413495e-11	1.6283488133480235e-10	-5.169925001442312
peak_6147	468	0	35	3.007953147255629e-11	1.8416482370336748e-10	-5.169925001442312
peak_6154	133	0	47	9.942957076846157e-17	1.2630778890138235e-15	-5.584962500721156
peak_6163	219	0	24	6.123152432270964e-08	2.2537094284673618e-07	-4.643856189774724
peak_6212	159	0	36	3.1108090698139867e-12	2.2131929331888893e-11	-5.20945336562895
peak_6213	217	0	11	0.0008576152094871247	0.001707854525851217	-3.584962500721156
peak_6250	373	0	14	0.00010780867867983208	0.00024525144895882063	-3.9068905956085187
peak_6253	200	0	18	5.113425967101637e-06	1.4225992286409468e-05	-4.247927513443585
peak_6313	149	0	37	1.1303798062589012e-12	8.517980374382904e-12	-5.247927513443585
peak_6321	155	0	11	0.0008127002248513742	0.0016337391260429757	-3.584962500721156
peak_6340	361	0	13	0.0002187221476066338	0.00047736530415946557	-3.807354922057604
peak_6393	169	0	14	9.221156959556272e-05	0.00021399805718441754	-3.9068905956085187
peak_6399	151	0	40	9.213953775836732e-14	8.050751378063862e-13	-5.357552004618084
peak_6478	295	0	11	0.0008881354244245838	0.0017542310399452617	-3.584962500721156
peak_6486	356	0	20	1.44963208983187e-06	4.3463365895253365e-06	-4.392317422778761
peak_6606	327	0	19	2.914633314993617e-06	8.416747225950955e-06	-4.321928094887363
peak_6607	139	0	15	4.0967062197002474e-05	9.942173169677494e-05	-4.0
peak_6626	421	0	18	6.337140378461868e-06	1.722593014294811e-05	-4.247927513443585
peak_6693	164	0	18	4.659905433395994e-06	1.3064148749432685e-05	-4.247927513443585
peak_6741	38	0	10	0.0009905092060188282	0.0019287667796100577	-3.4594316186372973
peak_6822	223	0	28	3.017463361927995e-09	1.3471479724505878e-08	-4.857980995127572
peak_6852	275	0	80	1.9398110352686938e-27	8.744599481113917e-26	-6.339850002884625
peak_6945	225	0	16	2.315162919662822e-05	5.801003400276643e-05	-4.087462841250339
peak_6965	162	0	24	4.7535460679813565e-08	1.7726620549265763e-07	-4.643856189774724
peak_6971	403	0	41	3.114360804157659e-13	2.5262028561113238e-12	-5.392317422778761
peak_6998	263	0	12	0.00042949115444536904	0.0009055579224936713	-3.700439718141092
peak_7043	167	0	38	6.751817306173231e-13	5.219083058823435e-12	-5.285402218862249
peak_7065	301	0	12	0.00043664255667775863	0.0009187348962067338	-3.700439718141092
peak_7113	75	0	22	7.834010342100279e-08	2.8484260301683665e-07	-4.523561956057013
peak_7160	266	0	34	3.7748312739030024e-11	2.28101904024459e-10	-5.129283016944966
peak_7220	276	0	33	8.420771518650155e-11	4.792783253184792e-10	-5.087462841250339
peak_7233	230	0	59	4.8184201649604745e-20	9.587903250120568e-19	-5.906890595608519
peak_7256	121	0	11	0.0007699900009428491	0.0015577160702155972	-3.584962500721156
peak_7260	299	0	43	4.467634765933255e-14	4.0567079318474153e-13	-5.459431618637297
peak_7267	289	0	19	2.8099757415764468e-06	8.146850556397508e-06	-4.321928094887363
peak_7276	259	0	110	5.439807341815325e-40	6.297813318001652e-38	-6.794415866350106
peak_7303	148	0	20	9.588554601579723e-07	2.94241549038838e-06	-4.392317422778761
peak_7311	59	0	18	1.6518198651558642e-06	4.9149359772803574e-06	-4.247927513443585
peak_7318	161	0	12	0.0003947620610498459	0.0008367305232949484	-3.700439718141092
peak_7374	317	0	38	2.2372722390639573e-12	1.6211471957029584e-11	-5.285402218862249
peak_7445	87	0	23	4.4606911525382626e-08	1.6707912302227877e-07	-4.584962500721156
peak_7459	293	0	18	5.8289502512918576e-06	1.60327605723978e-05	-4.247927513443585
peak_7512	363	0	46	6.20328171791115e-15	6.257330113077109e-14	-5.554588851677638
peak_7595	225	0	78	1.967071378475212e-27	8.789703159607657e-26	-6.303780748177103
peak_7600	419	0	23	1.7481871296059313e-07	6.017071106900416e-07	-4.584962500721156
peak_7653	141	0	14	8.69676070554989e-05	0.00020265919045778198	-3.9068905956085187
peak_7657	177	0	35	9.007896106861732e-12	5.966999059603857e-11	-5.169925001442312
peak_7724	159	0	16	2.0520741048497593e-05	5.217120594412767e-05	-4.087462841250339
peak_7732	223	0	22	2.7665560440760113e-07	9.277706707388547e-07	-4.523561956057013
peak_7774	175	9	46	4.422219386060633e-08	1.6588207328860726e-07	-2.232660756790275
peak_7815	239	0	21	6.025392122720658e-07	1.909978063045366e-06	-4.459431618637297
peak_7824	68	0	29	8.150983816132076e-11	4.66005741407147e-10	-4.906890595608519
peak_7848	216	0	29	1.360854078918783e-09	6.400914753473943e-09	-4.906890595608519
peak_7859	411	0	21	7.338356083111928e-07	2.293348827446145e-06	-4.459431618637297
peak_7874	150	0	21	4.4957750691025325e-07	1.454121988455881e-06	-4.459431618637297
peak_7875	260	29	184	1.9525848139287687e-46	3.8255642469819796e-44	-2.6244908649077936
peak_7931	199	0	23	1.2149306580720184e-07	4.3157997016867936e-07	-4.584962500721156
peak_7948	144	0	15	4.156918859019542e-05	0.00010083497460878833	-4.0
peak_8024	173	0	17	1.0096991637097253e-05	2.666359533404531e-05	-4.169925001442312
peak_8042	359	0	70	4.059924222743489e-23	1.2023984878287984e-21	-6.149747119504682
peak_8125	371	0	54	1.3862735272020198e-17	1.9836172324626653e-16	-5.78135971352466
peak_8126	68	0	20	3.705180621737015e-07	1.2161204953046619e-06	-4.392317422778761
peak_8152	101	0	30	1.477617836840357e-10	8.110975496621528e-10	-4.954196310386875
peak_8214	184	0	15	4.5346712087542905e-05	0.00010911485657720527	-4.0
peak_8272	114	6	42	2.9349163681254547e-09	1.3114442087044794e-08	-2.6189098326444937
peak_8286	293	0	61	2.6451903307842364e-20	5.368366352595578e-19	-5.954196310386875
peak_8335	73	0	32	5.785287146621222e-12	3.950471874314258e-11	-5.044394119358453
peak_8336	141	0	10	0.0016557601714673135	0.0031134892260813933	-3.4594316186372973
peak_8355	86	0	86	5.499537172159288e-51	1.4744548607883902e-48	-6.442943495848728
peak_8379	256	0	14	0.00010170001620708636	0.00023294059467576347	-3.9068905956085187
peak_8395	109	0	11	0.0007490959480317753	0.001519671349770555	-3.584962500721156
peak_8437	115	0	16	1.7433226748969323e-05	4.47379632540301e-05	-4.087462841250339
peak_8463	255	0	18	5.591701133454154e-06	1.5463694665480704e-05	-4.247927513443585
peak_8553	141	0	25	1.8558463438584828e-08	7.345517696670638e-08	-4.700439718141092
peak_8554	168	0	37	1.565940056682678e-12	1.1628132141022685e-11	-5.247927513443585
peak_8584	164	0	40	1.207709256014218e-13	1.0357021801576476e-12	-5.357552004618084
peak_8636	233	0	58	1.1969225738915577e-19	2.258193922742072e-18	-5.882643049361842
peak_8673	303	0	20	1.3794695226489258e-06	4.153083775634532e-06	-4.392317422778761
peak_8682	447	0	35	2.9124166481774894e-11	1.789608010351765e-10	-5.169925001442312
peak_8717	219	0	10	0.0017584007182246597	0.003277458199281528	-3.4594316186372973
peak_8746	479	5	34	1.5553603632413572e-06	4.6442002874275935e-06	-2.5443205162238103
peak_8765	400	12	192	7.783543580311765e-55	2.478085687381758e-52	-3.892017319126988
peak_8797	175	0	27	5.028982782900992e-09	2.1691480352326547e-08	-4.807354922057605
peak_8913	446	0	17	1.3063299391091234e-05	3.396857942737047e-05	-4.169925001442312
peak_8930	59	0	9	0.0028108524068508685	0.005079460092385354	-3.321928094887362
peak_8975	236	0	28	3.1815108712772774e-09	1.41418991084524e-08	-4.857980995127572
peak_9081	196	0	38	9.977926924603613e-13	7.574897131733354e-12	-5.285402218862249
peak_9088	90	0	24	2.0300305127332174e-08	7.979147709770841e-08	-4.643856189774724
peak_9122	834	0	10	0.001900843161564191	0.0034981557315780305	-3.4594316186372973
peak_9149	106	0	10	0.0015638151271570807	0.0029591657718195277	-3.4594316186372973
peak_9156	175	0	22	2.359164491449363e-07	7.995731150660716e-07	-4.523561956057013
peak_9173	746	0	41	5.169174015640169e-13	4.076125764035761e-12	-5.392317422778761
peak_9180	325	0	34	4.684015466477369e-11	2.7874269610088457e-10	-5.129283016944966
peak_9209	303	0	15	5.110680210380912e-05	0.00012159647357160376	-4.0
peak_9288	206	0	45	3.818305632682305e-15	3.953343270911313e-14	-5.523561956057013
peak_9330	114	0	13	0.00016996533049217917	0.00037676387881947814	-3.807354922057604
peak_9342	300	0	15	5.101388978428481e-05	0.00012143212829960132	-4.0
peak_9376	84	0	11	0.0006885427421929319	0.0014074786230861937	-3.584962500721156
peak_9384	208	0	49	1.4346911096866321e-16	1.7825162226204156e-15	-5.643856189774724
peak_9401	354	0	45	1.2769932631195287e-14	1.2343460497781555e-13	-5.523561956057013
peak_9411	240	0	46	2.613619163374352e-15	2.7621941946533088e-14	-5.554588851677638
peak_9540	87	0	23	4.4606911525382626e-08	1.6707912302227877e-07	-4.584962500721156
peak_9591	235	0	29	1.4842567378172415e-09	6.9365172682945215e-09	-4.906890595608519
peak_9592	198	0	30	5.676853942948088e-10	2.854678577036284e-09	-4.954196310386875
peak_9638	202	0	13	0.00020003196719902916	0.0004392081210826959	-3.807354922057604
peak_9641	193	0	10	0.001733073291797958	0.0032421136057358795	-3.4594316186372973
peak_9659	257	0	59	8.0242159685907e-20	1.5601280970992757e-18	-5.906890595608519
peak_9680	134	0	18	4.140162812488711e-06	1.167773497608942e-05	-4.247927513443585
peak_9725	505	0	33	1.3564734804828053e-10	7.494442418198926e-10	-5.087462841250339
peak_9726	141	0	19	1.9924668446940706e-06	5.900945410971858e-06	-4.321928094887363
peak_9727	234	0	45	5.464764962912088e-15	5.556389764685464e-14	-5.523561956057013
peak_9778	207	0	30	6.002241561943864e-10	3.006432499168342e-09	-4.954196310386875
peak_9853	228	0	14	9.937652173647831e-05	0.00022823444622435552	-3.9068905956085187
peak_9905	152	0	29	8.511444136990771e-10	4.164966035910757e-09	-4.906890595608519
peak_9910	150	0	32	7.310561679600767e-11	4.217440679035822e-10	-5.044394119358453
peak_9928	322	0	33	9.814583871265356e-11	5.5365991406673e-10	-5.087462841250339
peak_9950	216	0	21	5.723689150930143e-07	1.8200045277676746e-06	-4.459431618637297
peak_9962	107	0	31	7.302264420381287e-11	4.217430267281437e-10	-5.0
peak_10000	250	0	28	3.3462514504924638e-09	1.4796705632646364e-08	-4.857980995127572
peak_10017	47	0	16	6.55104541260564e-06	1.7778915999900444e-05	-4.087462841250339
peak_10069	253	0	32	1.6359271244544665e-10	8.922283481767723e-10	-5.044394119358453
peak_10079	191	0	22	2.511422194016056e-07	8.472307719415754e-07	-4.523561956057013
peak_10085	259	0	34	3.653776869151668e-11	2.213120020387467e-10	-5.129283016944966
peak_10129	507	0	22	3.7781751543334805e-07	1.2392803758000485e-06	-4.523561956057013
peak_10130	295	21	104	1.3015872520355888e-17	1.8729619948783304e-16	-2.2548138990288256
peak_10156	182	0	32	1.045320501300338e-10	5.85793469045536e-10	-5.044394119358453
peak_10157	285	0	36	8.947116025318066e-12	5.934454301167999e-11	-5.20945336562895
peak_10160	299	0	48	9.132591464238229e-16	1.0292349760802995e-14	-5.614709844115208
peak_10196	96	0	25	9.877565509025443e-09	4.070899571438156e-08	-4.700439718141092
peak_10197	111	0	40	2.4485773751846828e-14	2.2928406524247747e-13	-5.357552004618084
peak_10198	58	0	40	4.0802625419289044e-17	5.398664256775543e-16	-5.357552004618084
peak_10237	114	0	27	2.597267609023049e-09	1.1680231506222804e-08	-4.807354922057605
peak_10257	399	0	44	3.242540661919522e-14	2.9923011108366024e-13	-5.491853096329675
peak_10258	120	0	36	1.3159319676776655e-12	9.843403000513991e-12	-5.20945336562895
peak_10280	486	0	133	5.0572911553093025e-45	8.883393498326063e-43	-7.066089190457772
peak_10365	119	0	33	1.763996901678994e-11	1.117636842929452e-10	-5.087462841250339
peak_10400	213	0	26	1.3230873338280384e-08	5.366088279076455e-08	-4.754887502163468
peak_10412	276	0	20	1.3348610360992918e-06	4.023539714727688e-06	-4.392317422778761
peak_10428	360	0	26	1.866254995995092e-08	7.3809805509309e-08	-4.754887502163468
peak_10464	278	0	22	3.094756022161287e-07	1.0296987052181317e-06	-4.523561956057013
peak_10541	215	0	62	2.500808856971373e-21	5.816949916626563e-20	-5.977279923499917
peak_10551	194	14	100	4.437058467132322e-23	1.3064957128076328e-21	-2.7513208871432764
peak_10565	214	0	11	0.0008560155613293721	0.001706002844057833	-3.584962500721156
peak_10572	168	0	11	0.0008247160019560677	0.0016533267666132266	-3.584962500721156
peak_10600	298	0	11	0.0008889997820973951	0.0017552577093039264	-3.584962500721156
peak_10603	502	0	56	5.467892551933452e-18	8.289715672484824e-17	-5.832890014164742
peak_10656	100	0	27	1.9551447884493813e-09	9.021293072790894e-09	-4.807354922057605
peak_10684	325	0	54	1.0049392669905575e-17	1.4584503208119372e-16	-5.78135971352466
peak_10713	453	0	119	3.9060659738283274e-40	4.737500016828929e-38	-6.906890595608519
peak_10725	320	0	43	5.010005023340331e-14	4.5330311880809316e-13	-5.459431618637297
peak_10772	157	0	11	0.0008146707539646138	0.0016357638236877189	-3.584962500721156
peak_10816	140	0	47	1.3444309952697756e-16	1.6744575769937008e-15	-5.584962500721156
peak_10884	212	0	11	0.0008549250452327976	0.001705163735479981	-3.584962500721156
peak_10888	423	0	23	1.7534658529736777e-07	6.031164790714325e-07	-4.584962500721156
peak_10950	226	0	26	1.3903164651164172e-08	5.6163933967510143e-08	-4.754887502163468
peak_10962	98	0	11	0.0007258815054293064	0.0014761039475676195	-3.584962500721156
peak_10983	355	5	135	2.2439311664804237e-40	2.7879476492807996e-38	-4.502500340529183
peak_10995	467	0	19	3.164722836208343e-06	9.0415581198235e-06	-4.321928094887363
peak_10999	252	0	11	0.0008735642144427843	0.0017314926491718069	-3.584962500721156
peak_11057	360	0	35	2.4426561991924015e-11	1.5211357797904758e-10	-5.169925001442312
peak_11058	236	0	28	3.1815108712772774e-09	1.41418991084524e-08	-4.857980995127572
peak_11075	578	0	84	3.9945904717525005e-27	1.7541761950954515e-25	-6.409390936137702
peak_11212	207	0	21	5.591453159270736e-07	1.781292207212328e-06	-4.459431618637297
peak_11222	182	0	15	4.5192688717159444e-05	0.00010889856022952233	-4.0
peak_11251	99	0	17	7.205290385543731e-06	1.94405451398092e-05	-4.169925001442312
peak_11255	225	0	23	1.318865937159373e-07	4.662250578688304e-07	-4.584962500721156
peak_11284	134	10	59	3.4474159550103973e-12	2.439046788169856e-11	-2.4474589769712214
peak_11293	175	0	11	0.0008304854260831005	0.00166292954420885	-3.584962500721156
peak_11420	166	0	10	0.0016987216115440574	0.0031860411963201135	-3.4594316186372973
peak_11450	234	0	31	3.2146464786638995e-10	1.6778083158108509e-09	-5.0
peak_11479	185	0	9	0.003535956407121981	0.006295757405760004	-3.321928094887362
peak_11615	158	0	17	9.687506044653297e-06	2.5688784899252417e-05	-4.169925001442312
peak_11625	284	0	14	0.00010359295624066531	0.00023653183285071678	-3.9068905956085187
peak_11643	258	0	18	5.6126614292754325e-06	1.549703692655885e-05	-4.247927513443585
peak_11726	226	0	10	0.0017642542444198303	0.0032871657355795962	-3.4594316186372973
peak_11733	95	0	16	1.5328644311109507e-05	3.9596406754965435e-05	-4.087462841250339
peak_11802	162	0	15	4.346995391127137e-05	0.00010519522338433082	-4.0
peak_11823	210	0	50	6.446207247653235e-17	8.355465577492514e-16	-5.672425341971495
peak_11825	170	0	45	1.9685140746453985e-15	2.1244937915770466e-14	-5.523561956057013
peak_11856	143	0	16	1.9578629038624037e-05	5.00168186172271e-05	-4.087462841250339
peak_11879	237	0	31	3.2613167836531836e-10	1.6986858584794803e-09	-5.0
peak_11945	366	0	16	2.581121454501814e-05	6.404267375336685e-05	-4.087462841250339
peak_11975	145	0	19	2.0310263543105615e-06	6.008158100382114e-06	-4.321928094887363
peak_11979	272	0	22	3.064165374070471e-07	1.0208540494123597e-06	-4.523561956057013
peak_11981	428	5	60	7.407325255972668e-14	6.591163180332314e-13	-3.34577483684173
peak_11987	154	0	21	4.591008088866084e-07	1.4820402537822455e-06	-4.459431618637297
peak_11988	137	0	15	4.071581917544398e-05	9.890623885537037e-05	-4.0
peak_12006	208	0	16	2.2614766660747067e-05	5.6916808977196425e-05	-4.087462841250339
peak_12018	263	0	78	7.909755254676928e-27	3.2493784893003445e-25	-6.303780748177103
peak_12059	119	0	14	8.137024847314348e-05	0.00019013763565238205	-3.9068905956085187
peak_12083	172	0	11	0.0008280672635668949	0.0016587395362209056	-3.584962500721156
peak_12106	367	0	16	2.5823253217396056e-05	6.404267375336685e-05	-4.087462841250339
peak_12112	168	0	15	4.402448921067288e-05	0.00010638555409827687	-4.0
peak_12145	280	0	60	5.008725178120344e-20	9.889320177265515e-19	-5.930737337562886
peak_12194	25	0	10	0.0006364235753557286	0.0013109347726898831	-3.4594316186372973
peak_12235	415	0	53	3.7682001883365155e-17	4.998753062340159e-16	-5.754887502163468
peak_12260	201	0	21	5.498246471787223e-07	1.754891449077952e-06	-4.459431618637297
peak_12302	293	0	32	1.902764635790353e-10	1.0311364951825594e-09	-5.044394119358453
peak_12305	121	0	25	1.496179506094009e-08	6.010676974797225e-08	-4.700439718141092
peak_12316	130	0	41	2.1235170382148915e-14	1.9994816622304358e-13	-5.392317422778761
peak_12320	226	0	23	1.3225105264366366e-07	4.6718922480362185e-07	-4.584962500721156
peak_12364	191	0	19	2.382696060081549e-06	6.9916208122439e-06	-4.321928094887363
peak_12370	159	0	21	4.705407331292737e-07	1.5180079129578975e-06	-4.459431618637297
peak_12381	120	0	17	8.298743960388588e-06	2.2237665299431598e-05	-4.169925001442312
peak_12400	342	0	33	1.0349651909807863e-10	5.812693145376102e-10	-5.087462841250339
peak_12417	287	0	72	2.572110909241069e-24	8.3454350138051e-23	-6.189824558880018
peak_12500	206	0	15	4.686358628412732e-05	0.00011255214923684326	-4.0
peak_12530	114	0	16	1.734143669105715e-05	4.4524837955768714e-05	-4.087462841250339
peak_12543	221	0	32	1.3893267144460196e-10	7.657458705751989e-10	-5.044394119358453
peak_12609	132	0	19	1.8996436084350725e-06	5.632587043869767e-06	-4.321928094887363
peak_12764	112	0	28	1.0814617154118811e-09	5.172738007801055e-09	-4.857980995127572
peak_12771	476	0	11	0.0009211474687892158	0.0018058811371079264	-3.584962500721156
peak_12876	506	8	127	3.517917399519317e-32	2.2683887636900505e-30	-3.830074998557688
peak_12883	198	0	29	1.2327842586165374e-09	5.8580251990603005e-09	-4.906890595608519
peak_12894	220	0	11	0.0008591730160801582	0.0017096200562157523	-3.584962500721156
peak_12895	254	0	17	1.1569820637919364e-05	3.037972491214497e-05	-4.169925001442312
peak_12919	219	0	15	4.763025105426404e-05	0.00011417811711549225	-4.0
peak_12953	320	0	56	1.9832461631948712e-18	3.248442429361632e-17	-5.832890014164742
peak_12966	312	0	30	8.958254573119449e-10	4.35017624361015e-09	-4.954196310386875
peak_12967	364	0	53	2.8813686794369413e-17	3.8829873156221636e-16	-5.754887502163468
peak_12969	1165	0	65	2.1641737784817245e-20	4.463279849225062e-19	-6.044394119358453
peak_13081	108	0	10	0.0015705683161632393	0.002970841070380817	-3.4594316186372973
peak_13124	121	0	33	1.8538224844166088e-11	1.1730896565985347e-10	-5.087462841250339
peak_13157	261	0	34	3.6886669486484006e-11	2.2315996955362178e-10	-5.129283016944966
peak_13169	191	0	26	1.1967187108135011e-08	4.872969714535551e-08	-4.754887502163468
peak_13188	266	0	12	0.0004301268810118291	0.0009065230996583606	-3.700439718141092
peak_13200	137	0	17	8.99474608164832e-06	2.3976575897392222e-05	-4.169925001442312
peak_13213	76	0	10	0.0014239168262872	0.0027166413157704112	-3.4594316186372973
peak_13237	83	0	11	0.0006854503160276035	0.0014017197550560466	-3.584962500721156
peak_13246	205	0	19	2.4643247484397688e-06	7.2103792467272726e-06	-4.321928094887363
peak_13252	371	0	32	2.3162741636319186e-10	1.236802996807232e-09	-5.044394119358453
peak_13282	177	6	91	9.630895576364862e-27	3.8936334973017945e-25	-3.716207033999409
peak_13283	229	0	11	0.0008636111620760423	0.001717109781270632	-3.584962500721156
peak_13296	181	0	25	2.448509486342647e-08	9.506636679443173e-08	-4.700439718141092
peak_13306	91	0	25	8.804275980638538e-09	3.6521972186785593e-08	-4.700439718141092
peak_13338	469	0	24	8.815029896367661e-08	3.1937242028518395e-07	-4.643856189774724
peak_13369	87	0	15	3.157105327574166e-05	7.746770008989789e-05	-4.0
peak_13447	192	0	19	2.3888452779428808e-06	7.00159830025376e-06	-4.321928094887363
peak_13471	415	0	29	2.244511701499014e-09	1.0217643080818568e-08	-4.906890595608519
peak_13500	372	0	70	4.690369511101198e-23	1.3596403619105233e-21	-6.149747119504682
peak_13520	177	0	10	0.0017139323012159504	0.0032098423317625194	-3.4594316186372973
peak_13524	66	0	36	3.639790418493784e-14	3.3407373678932134e-13	-5.20945336562895
peak_13618	478	0	64	1.1305420235159131e-20	2.4139925334673806e-19	-6.022367813028454
peak_13682	318	0	49	4.788975794876466e-16	5.699776331565588e-15	-5.643856189774724
peak_13724	93	0	18	3.072116109353376e-06	8.820329284683903e-06	-4.247927513443585
peak_13797	213	0	18	5.245410452066231e-06	1.4561373756308111e-05	-4.247927513443585
peak_13835	521	0	29	2.4955273646327117e-09	1.1279695115740047e-08	-4.906890595608519
peak_13859	70	0	23	2.73175108592069e-08	1.0542075781575753e-07	-4.584962500721156
peak_13871	233	0	37	3.0808727967666645e-12	2.2011172548007558e-11	-5.247927513443585
peak_13883	112	0	22	1.5206219221672985e-07	5.309148781028252e-07	-4.523561956057013
peak_13906	162	0	23	1.0293650118434445e-07	3.6848807943292384e-07	-4.584962500721156
peak_13915	356	0	11	0.0009029186400764093	0.001776542121494488	-3.584962500721156
peak_13919	246	0	56	8.071949844390457e-19	1.3891389360582768e-17	-5.832890014164742
peak_13927	155	0	18	4.520492044966732e-06	1.2694259358908782e-05	-4.247927513443585
peak_13929	160	0	22	2.1978234870301492e-07	7.468787753790247e-07	-4.523561956057013
peak_13931	234	0	45	5.464764962912088e-15	5.556389764685464e-14	-5.523561956057013
peak_13941	518	0	19	3.2245490999922077e-06	9.207316768699723e-06	-4.321928094887363
peak_13959	251	0	35	1.62831964571118e-11	1.0407352917506589e-10	-5.169925001442312
peak_13968	556	0	11	0.0009289975458617755	0.0018185532774344438	-3.584962500721156
peak_14028	154	0	37	1.242655557346296e-12	9.336412107849603e-12	-5.247927513443585
peak_14053	74	0	11	0.0006543584513406539	0.001344615551080795	-3.584962500721156
peak_14203	124	0	31	1.0903027197149981e-10	6.10329896069033e-10	-5.0
peak_14317	391	0	23	1.7086356977492044e-07	5.888897323636298e-07	-4.584962500721156
peak_14327	627	33	191	1.7173169609709957e-33	1.151054289366612e-31	-2.4974996594708165
peak_14345	495	0	40	8.00454369685327e-13	6.1408351794835176e-12	-5.357552004618084
peak_14347	522	0	18	6.5728737278059505e-06	1.782865749171646e-05	-4.247927513443585
peak_14352	303	0	25	3.557610019460303e-08	1.3494017452815176e-07	-4.700439718141092
peak_14359	313	0	9	0.003685021804503168	0.006526947521606098	-3.321928094887362
peak_14377	406	18	160	1.4591590921772182e-36	1.2598231212797881e-34	-3.0829893646710316
peak_14389	153	0	28	1.913266057650119e-09	8.844081032368154e-09	-4.857980995127572
peak_14426	118	0	38	2.063189984893809e-13	1.7117084337213458e-12	-5.285402218862249
peak_14438	200	0	62	1.5758050017117456e-21	3.786391829584732e-20	-5.977279923499917
peak_14500	282	0	27	7.753557244245958e-09	3.2534283856827765e-08	-4.807354922057605
peak_14521	528	0	10	0.0018709187062637478	0.003449315920994402	-3.4594316186372973
peak_14590	153	0	68	4.223554255330718e-25	1.4439453272922603e-23	-6.108524456778169
peak_14610	602	0	47	5.583666528566719e-15	5.665975557075471e-14	-5.584962500721156
peak_14724	290	0	42	9.176870841565861e-14	8.032127159267439e-13	-5.426264754702098
peak_14754	296	21	91	8.848422096669069e-14	7.77135554490211e-13	-2.0641303374197157
peak_14759	107	0	28	9.74423235873386e-10	4.700484813957413e-09	-4.857980995127572
peak_14774	606	0	11	0.0009328664645017694	0.0018227931607871168	-3.584962500721156
peak_14851	582	0	26	2.2400856296028106e-08	8.757479813658263e-08	-4.754887502163468
peak_14859	149	0	21	4.4714303445077147e-07	1.4480270931291989e-06	-4.459431618637297
peak_14868	458	0	36	1.422745484892888e-11	9.208977763715847e-11	-5.20945336562895
peak_14902	310	0	30	8.91390785504168e-10	4.332771623433427e-09	-4.954196310386875
peak_14926	348	0	37	5.298115380574388e-12	3.647108074141342e-11	-5.247927513443585
peak_14934	368	0	83	1.116798847936147e-27	5.125201199447507e-26	-6.392317422778761
peak_14935	194	0	47	5.937557586270771e-16	6.953084676888117e-15	-5.584962500721156
peak_14944	123	0	30	2.482071629212944e-10	1.3156787595432609e-09	-4.954196310386875
peak_14963	283	0	51	7.458036456461823e-17	9.5937468962668e-16	-5.700439718141092
peak_14997	357	0	16	2.570002958638902e-05	6.38303026392324e-05	-4.087462841250339
peak_15064	363	0	12	0.0004451963174198201	0.0009344169925572986	-3.700439718141092
peak_15078	182	0	45	2.538621331048703e-15	2.6997363382801867e-14	-5.523561956057013
peak_15079	48	0	15	1.6714569216612233e-05	4.306728153233319e-05	-4.0
peak_15158	150	0	24	4.388127191741268e-08	1.6472453879683138e-07	-4.643856189774724
peak_15233	428	0	59	4.0519511327449394e-19	7.217006667903049e-18	-5.906890595608519
peak_15235	103	0	26	4.894005467755502e-09	2.114509232633293e-08	-4.754887502163468
peak_15262	113	0	37	4.2366186451681174e-13	3.3826544480386187e-12	-5.247927513443585
peak_15290	221	0	26	1.3650652068286244e-08	5.527537490926083e-08	-4.754887502163468
peak_15299	170	0	24	4.980136002817227e-08	1.853090781471947e-07	-4.643856189774724
peak_15334	274	0	36	8.504691561858022e-12	5.6631240282489883e-11	-5.20945336562895
peak_15341	300	0	50	1.913422752524036e-16	2.3600424942754087e-15	-5.672425341971495
peak_15344	53	0	33	1.3704318799658414e-13	1.167387959288628e-12	-5.087462841250339
peak_15380	169	0	51	1.0291467350833653e-17	1.485119962752029e-16	-5.700439718141092
peak_15458	52	0	25	1.286878568173045e-09	6.081038428825131e-09	-4.700439718141092
peak_15472	170	8	49	1.4594254929166233e-09	6.833008695696029e-09	-2.473931188332412
peak_15475	205	0	15	4.680098703521715e-05	0.00011245482450820573	-4.0
peak_15499	293	0	35	1.977537450003846e-11	1.2421178508408867e-10	-5.169925001442312
peak_15504	168	0	81	2.0672465243033274e-30	1.144625412478386e-28	-6.357552004618084
peak_15522	171	0	9	0.003506507054363518	0.006245505921303413	-3.321928094887362
peak_15530	230	0	54	3.251798856374249e-18	5.135557292558439e-17	-5.78135971352466
peak_15545	157	0	51	6.823818224528463e-18	1.0134265316544605e-16	-5.700439718141092
peak_15553	297	0	26	1.6822463842616662e-08	6.731628500729716e-08	-4.754887502163468
peak_15603	104	0	12	0.000348913575848078	0.0007455393269169922	-3.700439718141092
peak_15610	337	0	10	0.001825234188613617	0.0033834581356614866	-3.4594316186372973
peak_15620	364	0	22	3.4383464026139196e-07	1.1351222666827806e-06	-4.523561956057013
peak_15655	440	0	48	1.831560597812743e-15	1.9849504586777678e-14	-5.614709844115208
peak_15672	314	0	12	0.0004387059994163195	0.0009223146351740536	-3.700439718141092
peak_15721	166	0	10	0.0016987216115440574	0.0031860411963201135	-3.4594316186372973
peak_15736	134	0	50	6.215092113603321e-18	9.328247556762975e-17	-5.672425341971495
peak_15737	418	0	97	2.2852127293226346e-32	1.511801771840195e-30	-6.614709844115208
peak_15768	337	0	42	1.1645439873033258e-13	1.0037541575842878e-12	-5.426264754702098
peak_15773	235	0	35	1.4825382932011243e-11	9.583819880160567e-11	-5.169925001442312
peak_15808	58	0	11	0.0005793237388885034	0.0011991365810231761	-3.584962500721156
peak_15823	474	8	46	6.259418613744483e-08	2.3005395684281674e-07	-2.384663850235325
peak_15833	211	0	14	9.768918098209954e-05	0.0002250695105937653	-3.9068905956085187
peak_15848	191	0	31	2.4765630364311203e-10	1.3141262612062632e-09	-5.0
peak_15906	104	0	15	3.545660785495935e-05	8.658483241282978e-05	-4.0
peak_15924	373	0	17	1.266333501441746e-05	3.304663348537015e-05	-4.169925001442312
peak_15942	390	6	28	0.00014228213155541693	0.00031830706110816593	-2.050626073069968
peak_15952	73	0	11	0.0006504952359237651	0.0013377564520773756	-3.584962500721156
peak_15969	149	0	9	0.00344942676866016	0.006158913410289119	-3.321928094887362
peak_16143	142	0	23	9.049906231054525e-08	3.276490571499058e-07	-4.584962500721156
peak_16185	184	0	40	1.6831858377172823e-13	1.4136197558894846e-12	-5.357552004618084
peak_16201	209	0	14	9.747410294687761e-05	0.00022467560199610612	-3.9068905956085187
peak_16213	107	0	42	2.9422982410706527e-15	3.095221841488142e-14	-5.426264754702098
peak_16218	104	0	57	2.8497813064426526e-22	7.258392987509436e-21	-5.857980995127572
peak_16224	277	0	33	8.453722689327587e-11	4.80616778788334e-10	-5.087462841250339
peak_16225	289	0	15	5.0657851270284365e-05	0.00012064099783582448	-4.0
peak_16233	271	0	21	6.374872789732817e-07	2.013242528884003e-06	-4.459431618637297
peak_16240	198	0	16	2.2261120871413084e-05	5.622119470450087e-05	-4.087462841250339
peak_16277	46	0	46	4.868603103360548e-27	2.0496416701255065e-25	-5.554588851677638
peak_16325	102	0	13	0.00016241376881748703	0.00036080930586841644	-3.807354922057604
peak_16327	158	0	29	9.054292819357237e-10	4.3842744887648065e-09	-4.906890595608519
peak_16394	524	10	88	4.167019406416006e-18	6.451913938079981e-17	-3.0163018123291003
peak_16529	221	0	41	1.175747155090615e-13	1.0099925814555805e-12	-5.392317422778761
peak_16551	439	5	60	7.794848650695069e-14	6.895792167615114e-13	-3.34577483684173
peak_16555	260	0	10	0.0017883202842040452	0.0033234963618151794	-3.4594316186372973
peak_16571	309	0	22	3.237049516834965e-07	1.0742364976389127e-06	-4.523561956057013
peak_16689	202	0	43	1.8594927888170525e-14	1.754121530784086e-13	-5.459431618637297
peak_16692	567	0	18	6.652332403569466e-06	1.803458289717023e-05	-4.247927513443585
peak_16701	151	0	11	0.0008086121095990812	0.0016268049313972039	-3.584962500721156
peak_16775	97	0	12	0.00034002230022098847	0.0007283740947542957	-3.700439718141092
peak_16794	274	0	22	3.0744833243815855e-07	1.0236220950588102e-06	-4.523561956057013
peak_16812	462	0	101	1.686941397214763e-33	1.1457705969882668e-31	-6.672425341971495
peak_16814	314	0	92	1.5889243025043352e-31	9.411605112740794e-30	-6.539158811108031
peak_16815	225	0	20	1.2265636843226056e-06	3.71248687340425e-06	-4.392317422778761
peak_16822	101	0	20	6.720902629681657e-07	2.112046760986944e-06	-4.392317422778761
peak_16824	172	0	18	4.773972241955274e-06	1.3361876154131959e-05	-4.247927513443585
peak_16828	310	0	60	7.331414893541038e-20	1.4363933641422328e-18	-5.930737337562886
peak_16830	206	0	28	2.7853098484076597e-09	1.2478776049066506e-08	-4.857980995127572
peak_16831	381	0	25	3.96812668318914e-08	1.495091518059577e-07	-4.700439718141092
peak_16950	258	0	10	0.0017870755811243227	0.003322395259214343	-3.4594316186372973
peak_16961	142	0	42	1.2828995419533012e-14	1.2353667800964304e-13	-5.426264754702098
peak_16995	294	0	14	0.00010418666669891474	0.00023766044851574795	-3.9068905956085187
peak_17002	213	0	55	1.0048330255305718e-18	1.7062064773509108e-17	-5.807354922057605
peak_17017	391	0	33	1.1507926188338413e-10	6.427782456512706e-10	-5.087462841250339
peak_17028	312	0	27	8.279637463520998e-09	3.451429888639604e-08	-4.807354922057605
peak_17043	152	0	20	9.776088291568043e-07	2.996353414996848e-06	-4.392317422778761
peak_17066	141	0	22	1.962546715240176e-07	6.718557101769795e-07	-4.523561956057013
peak_17096	171	0	79	2.310666943012332e-29	1.177053740770482e-27	-6.321928094887363
peak_17098	62	0	9	0.0028594074505121857	0.005165184947840097	-3.321928094887362
peak_17111	240	0	25	3.0839600402398984e-08	1.182958768447443e-07	-4.700439718141092
peak_17122	85	0	22	1.0009902765923848e-07	3.588349379987057e-07	-4.523561956057013
peak_17141	239	0	25	3.0750024180094486e-08	1.1813018338868877e-07	-4.700439718141092
peak_17181	203	0	20	1.1663918767476484e-06	3.5366667977098336e-06	-4.392317422778761
peak_17184	263	0	41	1.6766140611671754e-13	1.4116813268736514e-12	-5.392317422778761
peak_17188	258	0	21	6.241479335008207e-07	1.97478855481564e-06	-4.459431618637297
peak_17191	362	0	10	0.0018339052848259634	0.0033945906689329423	-3.4594316186372973
peak_17243	162	0	19	2.178817559680793e-06	6.419257749574297e-06	-4.321928094887363
peak_17248	182	0	26	1.1399396782146202e-08	4.664138731586567e-08	-4.754887502163468
peak_17250	83	0	11	0.0006854503160276035	0.0014017197550560466	-3.584962500721156
peak_17251	260	0	14	0.00010199377410560364	0.0002335084428287393	-3.9068905956085187
peak_17311	57	0	25	1.999185907843919e-09	9.199505884875271e-09	-4.700439718141092
peak_17317	160	0	24	4.6948286947542535e-08	1.7533326518385753e-07	-4.643856189774724
peak_17320	472	0	25	4.300991737863028e-08	1.618113139783919e-07	-4.700439718141092
peak_17346	218	0	11	0.0008581390457525676	0.0017082298941241028	-3.584962500721156
peak_17361	339	0	47	2.5616710073946578e-15	2.7185733565975805e-14	-5.584962500721156
peak_17363	130	0	21	3.964009379474363e-07	1.2968955542095314e-06	-4.459431618637297
peak_17392	140	0	32	6.293562004810758e-11	3.6723258708483395e-10	-5.044394119358453
peak_17416	215	0	11	0.0008565535298822434	0.0017064073841298974	-3.584962500721156
peak_17419	249	0	103	2.8861180432039717e-37	2.579278124926497e-35	-6.700439718141092
peak_17446	394	0	19	3.054505711328643e-06	8.775889505644732e-06	-4.321928094887363
peak_17480	65	0	16	1.066606353919866e-05	2.80935510179307e-05	-4.087462841250339
peak_17483	441	0	34	6.008893917961963e-11	3.518310990586005e-10	-5.129283016944966
peak_17505	216	0	52	1.3469468819068546e-17	1.9327739201221174e-16	-5.7279204545632
peak_17517	349	0	68	1.8149802131861682e-22	4.717096533658337e-21	-6.108524456778169
peak_17526	327	0	77	8.218942370502847e-26	2.9693115202369862e-24	-6.285402218862249
peak_17530	228	0	37	2.968663170152661e-12	2.1269156383625393e-11	-5.247927513443585
peak_17537	173	0	24	5.06181479799413e-08	1.8821083635753356e-07	-4.643856189774724
peak_17572	98	0	31	5.519348792287703e-11	3.2503540749033017e-10	-5.0
peak_17592	151	0	31	1.6738301330756534e-10	9.119241388114843e-10	-5.0
peak_17609	546	0	34	6.851690527274143e-11	3.9661944938561915e-10	-5.129283016944966
peak_17612	344	0	32	2.186882409749898e-10	1.1713963191657183e-09	-5.044394119358453
peak_17615	144	16	103	8.01229665061112e-27	3.265171131057044e-25	-2.6129768768907526
peak_17648	102	0	16	1.6134889791659863e-05	4.159470070785189e-05	-4.087462841250339
peak_17660	147	0	42	1.479570275649145e-14	1.416716350405403e-13	-5.426264754702098
peak_17714	240	0	30	7.087261655829973e-10	3.515336988782656e-09	-4.954196310386875
peak_17823	173	0	42	2.66648329567597e-14	2.4877410088229657e-13	-5.426264754702098
peak_17843	555	0	17	1.3474239731287644e-05	3.4983576550040396e-05	-4.169925001442312
peak_17852	136	0	10	0.0016453701401120048	0.0030985269847432725	-3.4594316186372973
peak_17928	277	0	23	1.4809808501230765e-07	5.181398661076203e-07	-4.584962500721156
peak_17938	199	0	26	1.2446285372710669e-08	5.064007802602887e-08	-4.754887502163468
peak_17966	478	0	11	0.0009213751620226739	0.0018058811371079264	-3.584962500721156
peak_17968	113	0	11	0.0007565123533671503	0.0015328854129086171	-3.584962500721156
peak_17986	491	0	50	4.77244864307969e-16	5.69340828755221e-15	-5.672425341971495
peak_18005	237	0	47	1.1278861666146235e-15	1.2517324907919154e-14	-5.584962500721156
peak_18100	156	0	37	1.2881242185083122e-12	9.649565836884328e-12	-5.247927513443585
peak_18101	165	0	45	1.7481072788525383e-15	1.9058970732376393e-14	-5.523561956057013
peak_18107	475	14	68	2.1527007023947166e-10	1.1555171104318953e-09	-2.2016338611696504
peak_18128	101	0	26	4.696343485391925e-09	2.037749038721164e-08	-4.754887502163468
peak_18145	81	0	15	2.9917519607143338e-05	7.365869737979129e-05	-4.0
peak_18146	329	0	22	3.316844381746022e-07	1.097856093607163e-06	-4.523561956057013
peak_18163	248	0	19	2.6662071991984606e-06	7.765385633343029e-06	-4.321928094887363
peak_18255	158	0	31	1.8214039988453828e-10	9.880971214183578e-10	-5.0
peak_18277	176	0	38	7.741117524986528e-13	5.947700252229468e-12	-5.285402218862249
peak_18287	212	16	113	3.752574771272696e-26	1.4055599915340525e-24	-2.745427172914402
peak_18290	363	0	68	2.118169210377627e-22	5.4771339886617424e-21	-6.108524456778169
peak_18333	269	0	16	2.4254552377856477e-05	6.0476108572100287e-05	-4.087462841250339
peak_18368	263	0	54	5.336974863902919e-18	8.115388046782527e-17	-5.78135971352466
peak_18385	206	0	18	5.176086249760227e-06	1.4384606304570975e-05	-4.247927513443585
peak_18428	169	14	107	9.48120935729075e-28	4.390661860549008e-26	-2.84799690655495
peak_18441	449	0	117	1.9738745909587055e-39	2.052023911498703e-37	-6.882643049361842
peak_18463	140	0	13	0.00018237237001936715	0.00040286420332985963	-3.807354922057604
peak_18466	223	0	51	3.504362758098916e-17	4.673095259098398e-16	-5.700439718141092
peak_18489	95	0	15	3.353140943055203e-05	8.196209195740501e-05	-4.0
peak_18500	110	0	17	7.815598574153843e-06	2.1009318805667373e-05	-4.169925001442312
peak_18521	287	32	139	2.664010216898122e-23	7.9826282616935495e-22	-2.084888897586513
peak_18529	104	0	37	2.906951853662303e-13	2.3692820388089234e-12	-5.247927513443585
peak_18574	276	0	48	7.570463621797756e-16	8.62728002000845e-15	-5.614709844115208
peak_18727	209	0	82	1.938673870651904e-29	1.0077147650102855e-27	-6.3750394313469245
peak_18728	77	0	41	5.63666053007852e-16	6.615932889451608e-15	-5.392317422778761
peak_18735	271	0	33	8.254127550836704e-11	4.713736069950916e-10	-5.087462841250339
peak_18756	195	0	19	2.4069869882842946e-06	7.046661907080573e-06	-4.321928094887363
peak_18767	365	0	69	9.704604008509623e-23	2.615621842293546e-21	-6.129283016944966
peak_18777	528	5	31	9.353321206859281e-06	2.4867337279614395e-05	-2.415037499278844
peak_18786	48	0	28	2.552121943486267e-11	1.5834968550693112e-10	-4.857980995127572
peak_18821	350	0	29	2.0346971582237613e-09	9.354465093855451e-09	-4.906890595608519
peak_18829	232	0	30	6.839146379638505e-10	3.4022081697147016e-09	-4.954196310386875
peak_18841	268	30	129	1.690717041214253e-21	4.024538601843647e-20	-2.068171502641579
peak_18857	133	0	27	3.4311253757982062e-09	1.5132599709364555e-08	-4.807354922057605
peak_18920	262	0	77	1.8538488878149055e-26	7.264235565022408e-25	-6.285402218862249
peak_18947	191	0	33	5.128511489361636e-11	3.03070040914248e-10	-5.087462841250339
peak_18983	369	0	49	6.445001282582215e-16	7.394332552584192e-15	-5.643856189774724
peak_19005	199	0	30	5.713660039935591e-10	2.8694951358203047e-09	-4.954196310386875
peak_19028	392	0	11	0.0009095329607969377	0.0017874849160106486	-3.584962500721156
peak_19046	205	0	22	2.6303253372359004e-07	8.844143411141701e-07	-4.523561956057013
peak_19053	223	0	29	1.4076683147750218e-09	6.615002209837602e-09	-4.906890595608519
peak_19059	300	0	11	0.0008895667002146882	0.0017556965404469669	-3.584962500721156
peak_19066	273	0	28	3.5927737738444268e-09	1.5804481523284552e-08	-4.857980995127572
peak_19068	392	0	18	6.248757426255548e-06	1.7003830304137693e-05	-4.247927513443585
peak_19074	368	0	10	0.0018358142401905995	0.0033951358213417876	-3.4594316186372973
peak_19076	458	0	9	0.003754322515685266	0.006635849720645644	-3.321928094887362
peak_19078	279	0	23	1.486260746729164e-07	5.196302157747674e-07	-4.584962500721156
peak_19087	181	0	46	1.0678664838117057e-15	1.1929192694159712e-14	-5.554588851677638
peak_19089	358	0	27	8.955335630854342e-09	3.705806637170757e-08	-4.807354922057605
peak_19093	441	0	19	3.1293176103030044e-06	8.963657055474933e-06	-4.321928094887363
peak_19099	253	0	23	1.4125569028661455e-07	4.965883273430052e-07	-4.584962500721156
peak_19100	284	0	61	2.3358457771424683e-20	4.778633891069773e-19	-5.954196310386875
peak_19101	246	0	36	7.311230996707784e-12	4.913378719951115e-11	-5.20945336562895
peak_19119	175	0	10	0.0017113033022318437	0.0032060974702350174	-3.4594316186372973
peak_19169	241	0	20	1.2646331476804773e-06	3.8254401747531775e-06	-4.392317422778761
peak_19192	54	0	21	8.460274812849861e-08	3.0695612462006545e-07	-4.459431618637297
peak_19214	256	16	79	3.074484957142411e-13	2.497835146998954e-12	-2.234465253637023
peak_19364	240	0	28	3.229796260091774e-09	1.433151755131315e-08	-4.857980995127572
peak_19375	94	0	27	1.6790533794239788e-09	7.789706661917804e-09	-4.807354922057605
peak_19411	170	0	16	2.108081605798262e-05	5.345230313557166e-05	-4.087462841250339
peak_19428	301	0	59	1.480473997508174e-19	2.752384869819941e-18	-5.906890595608519
peak_19432	183	0	45	2.588516806882299e-15	2.7413523106566387e-14	-5.523561956057013
peak_19458	275	0	11	0.0008819066144301125	0.001744633900546405	-3.584962500721156
peak_19474	127	0	11	0.0007790670580771788	0.0015735795376071169	-3.584962500721156
peak_19499	177	0	29	1.068480761239587e-09	5.115452065558699e-09	-4.906890595608519
peak_19589	345	0	23	1.631924349484487e-07	5.662821959314697e-07	-4.584962500721156
peak_19598	237	0	29	1.4965880948397342e-09	6.987735797537677e-09	-4.906890595608519
peak_19623	197	0	27	5.728820966512145e-09	2.4523205044884762e-08	-4.807354922057605
peak_19626	197	0	11	0.000846072630287784	0.00169081756715809	-3.584962500721156
peak_19630	159	0	49	4.416728449205126e-17	5.768926851346387e-16	-5.643856189774724
peak_19641	371	0	79	3.149627659249118e-26	1.1973286041951498e-24	-6.321928094887363
peak_19663	470	17	84	5.527276511941754e-13	4.325030192293594e-12	-2.2394659346953896
peak_19729	54	0	19	5.568140532289085e-07	1.7749754612941552e-06	-4.321928094887363
peak_19735	123	0	26	6.8030381658830344e-09	2.8830845604832094e-08	-4.754887502163468
peak_19756	86	0	10	0.0014804597605415088	0.002818184611434397	-3.4594316186372973
peak_19759	222	0	9	0.0035963128326829737	0.0063920507919354745	-3.321928094887362
peak_19773	193	0	11	0.0008434904585080486	0.0016863188365934065	-3.584962500721156
peak_19853	314	0	56	1.876209553654957e-18	3.0830359568768875e-17	-5.832890014164742
peak_19872	169	0	16	2.10324711065826e-05	5.338286388486884e-05	-4.087462841250339
peak_19907	246	0	63	2.261064579432261e-21	5.307770952823934e-20	-6.0
peak_19924	133	0	9	0.003396505891366503	0.006081476629392255	-3.321928094887362
peak_19975	84	0	33	4.551464306902444e-12	3.163050365533568e-11	-5.087462841250339
peak_20011	202	0	10	0.001742553209546445	0.003253873185274777	-3.4594316186372973
peak_20028	248	0	35	1.6015245375468862e-11	1.0274768254740351e-10	-5.169925001442312
peak_20101	89	0	62	1.6500320018016325e-26	6.515707765253888e-25	-5.977279923499917
peak_20132	327	0	12	0.00044061101030239006	0.000925937494422597	-3.700439718141092
peak_20140	175	0	48	1.6804364381115477e-16	2.082759906506137e-15	-5.614709844115208
peak_20152	247	0	33	7.408921926034659e-11	4.2597119967517553e-10	-5.087462841250339
peak_20186	285	0	33	8.712878456919325e-11	4.947982481554854e-10	-5.087462841250339
peak_20187	290	0	24	7.258634170263796e-08	2.6505722195931023e-07	-4.643856189774724
peak_20208	181	0	105	1.6335730666131954e-41	2.3115058892576714e-39	-6.7279204545632
peak_20212	161	6	56	2.5751991166322643e-13	2.115816822600767e-12	-3.0255350921071376
peak_20261	111	0	31	8.129265499814905e-11	4.6528627478715873e-10	-5.0
peak_20264	100	6	100	3.767935349307282e-50	9.139934604462522e-48	-3.8508565606941905
peak_20289	518	0	10	0.001869351828164628	0.003447674950279006	-3.4594316186372973
peak_20293	598	0	80	9.736835342084559e-26	3.468492254026486e-24	-6.339850002884625
peak_20353	288	0	34	4.136377893150473e-11	2.4789069397304126e-10	-5.129283016944966
peak_20419	413	0	16	2.631757940112846e-05	6.514176359054829e-05	-4.087462841250339
peak_20593	110	0	36	9.369532848104261e-13	7.144970109018429e-12	-5.20945336562895
peak_20612	423	0	113	3.335017657585947e-38	3.267034605335156e-36	-6.832890014164742
peak_20627	445	0	31	5.42116051406311e-10	2.7341971939245034e-09	-5.0
peak_20756	127	0	10	0.0016247210441951423	0.0030619049201369053	-3.4594316186372973
peak_20769	286	0	117	3.45140093102544e-42	5.6714310782721265e-40	-6.882643049361842
peak_20791	276	0	15	5.020314576479951e-05	0.00011983824954352797	-4.0
peak_20844	93	0	35	1.1073929433886326e-12	8.357125412772881e-12	-5.169925001442312
peak_20847	280	0	29	1.7348193129256998e-09	8.041100618783908e-09	-4.906890595608519
peak_20927	384	0	17	1.2732653417913653e-05	3.3210515366539756e-05	-4.169925001442312
peak_20938	423	0	41	3.284744430261725e-13	2.655950496468766e-12	-5.392317422778761
peak_20940	271	0	30	7.967205656666921e-10	3.921250784063894e-09	-4.954196310386875
peak_20947	408	0	91	2.8156593538798054e-30	1.5258477392195455e-28	-6.523561956057013
peak_20990	197	0	65	9.435834744065433e-23	2.559991910801332e-21	-6.044394119358453
peak_20991	131	0	52	7.652027913918062e-19	1.3258309589625377e-17	-5.7279204545632
peak_21046	389	0	21	7.2274813052511e-07	2.261473573031272e-06	-4.459431618637297
peak_21050	267	0	82	2.5806486313468186e-28	1.2519832502933994e-26	-6.3750394313469245
peak_21054	298	0	33	9.117594884395789e-11	5.166299036831163e-10	-5.087462841250339
peak_21076	313	0	23	1.5675903518545233e-07	5.458171737762776e-07	-4.584962500721156
peak_21169	262	0	41	1.6649004756669874e-13	1.4041395733522573e-12	-5.392317422778761
peak_21175	399	0	16	2.6178494677577877e-05	6.482899945920355e-05	-4.087462841250339
peak_21181	373	0	30	1.014817068400907e-09	4.88147133752051e-09	-4.954196310386875
peak_21317	378	0	13	0.000219824673649803	0.0004795661188745595	-3.807354922057604
peak_21388	72	0	38	8.567147137302057e-15	8.557068140669937e-14	-5.285402218862249
peak_21448	151	0	52	2.1483577966606413e-18	3.474201465456923e-17	-5.7279204545632
peak_21536	237	10	59	7.373952494273083e-11	4.24439706280532e-10	-2.4474589769712214
peak_21537	215	19	84	9.950440648154707e-14	8.649751648754279e-13	-2.0874628412503395
peak_21540	167	0	27	4.751983740498108e-09	2.0583847937157622e-08	-4.807354922057605
peak_21548	217	0	12	0.00041765657956110573	0.0008820657613118875	-3.700439718141092
peak_21563	170	0	24	4.980136002817227e-08	1.853090781471947e-07	-4.643856189774724
peak_21580	324	0	56	2.0553958715023523e-18	3.336785079966494e-17	-5.832890014164742
peak_21612	218	0	23	1.2926655134794258e-07	4.575982019224597e-07	-4.584962500721156
peak_21695	87	0	11	0.0006974420259198437	0.0014243812466146926	-3.584962500721156
peak_21788	295	0	11	0.0008881354244245838	0.0017542310399452617	-3.584962500721156
peak_21789	248	0	15	4.907495371917034e-05	0.00011736517100725527	-4.0
peak_21855	196	0	9	0.003556219718749722	0.006327412940031815	-3.321928094887362
peak_21859	280	0	27	7.715641274483337e-09	3.240187687734388e-08	-4.807354922057605
peak_21945	82	0	23	3.958526057307977e-08	1.4925782187954724e-07	-4.584962500721156
peak_21950	111	0	42	3.694198759840894e-15	3.832637165504993e-14	-5.426264754702098
peak_21976	391	0	12	0.000448195611572211	0.0009399376061543198	-3.700439718141092
peak_21978	441	0	21	7.473535974728694e-07	2.331303873562031e-06	-4.459431618637297
peak_21982	377	0	19	3.0232790189060227e-06	8.700894532376994e-06	-4.321928094887363
peak_22045	445	0	53	4.279522491211595e-17	5.6185277242865625e-16	-5.754887502163468
peak_22101	250	0	15	4.91632429605366e-05	0.00011752114483386834	-4.0
peak_22111	492	0	38	3.4613020862283372e-12	2.44547473332138e-11	-5.285402218862249
peak_22118	123	0	50	3.2563506193489906e-18	5.135557292558439e-17	-5.672425341971495
peak_22162	519	0	26	2.161883267669887e-08	8.471256435008003e-08	-4.754887502163468
peak_22219	57	0	23	1.459298804388743e-08	5.871775757943331e-08	-4.584962500721156
peak_22224	118	0	30	2.249787270997175e-10	1.2025620523042612e-09	-4.954196310386875
peak_22247	288	0	18	5.800915931626512e-06	1.598153907826147e-05	-4.247927513443585
peak_22269	234	0	33	6.918512034938584e-11	4.000329206126804e-10	-5.087462841250339
peak_22276	248	0	35	1.6015245375468862e-11	1.0274768254740351e-10	-5.169925001442312
peak_22324	215	0	14	9.810829408605208e-05	0.0002258308405216219	-3.9068905956085187
peak_22332	452	0	28	4.840222293295222e-09	2.093046889817136e-08	-4.857980995127572
peak_22366	156	0	53	1.0574489033194568e-18	1.789582961298775e-17	-5.754887502163468
peak_22370	232	0	29	1.4655313670653939e-09	6.855295485611677e-09	-4.906890595608519
peak_22373	139	0	26	8.209292012090536e-09	3.427715861441737e-08	-4.754887502163468
peak_22445	231	0	102	2.022423040670822e-37	1.8396826730673513e-35	-6.6865005271832185
peak_22449	114	0	114	8.784044856093382e-68	4.474592449693969e-65	-6.845490050944375
peak_22450	104	0	39	4.4219267619176835e-14	4.0223740937872643e-13	-5.321928094887363
peak_22451	104	0	104	8.798415959370544e-62	3.734927574752796e-59	-6.714245517666122
peak_22452	67	0	67	1.3348521267544933e-39	1.4467524965292317e-37	-6.087462841250339
peak_22546	240	0	11	0.0008686004518947212	0.001724337763815943	-3.584962500721156
peak_22572	170	0	64	6.921217937443428e-23	1.947883103499272e-21	-6.022367813028454
peak_22611	255	0	24	6.758208845127646e-08	2.476713371012966e-07	-4.643856189774724
peak_22613	415	0	36	1.3166221286853406e-11	8.565610630297733e-11	-5.20945336562895
peak_22620	525	0	11	0.0009262348442211584	0.001814010110135556	-3.584962500721156
peak_22693	268	0	14	0.00010255665060558213	0.00023458624974622154	-3.9068905956085187
peak_22714	376	0	54	1.4282697150029454e-17	2.0322921587220682e-16	-5.78135971352466
peak_22786	247	0	45	6.2604039096576855e-15	6.302469864781868e-14	-5.523561956057013
peak_22808	421	14	145	4.4980928904855525e-34	3.320765968714986e-32	-3.282933963271499
peak_22812	89	0	11	0.0007030785209133086	0.0014331660606372125	-3.584962500721156
peak_22817	105	0	25	1.1772447174692895e-08	4.797507672630849e-08	-4.700439718141092
peak_22823	81	0	20	5.006778367347019e-07	1.6070906744338823e-06	-4.392317422778761
peak_22827	185	0	47	4.970006553846102e-16	5.887724043091173e-15	-5.584962500721156
peak_22842	838	0	62	1.3439257742846252e-19	2.516896284634515e-18	-5.977279923499917
peak_22845	85	0	39	1.1952139620173138e-14	1.159699032860228e-13	-5.321928094887363
peak_22853	593	0	22	3.910343539932607e-07	1.2818075928196075e-06	-4.523561956057013
peak_22899	227	0	57	2.469850780927176e-19	4.493364242158227e-18	-5.857980995127572
peak_22920	134	0	22	1.8658148903709318e-07	6.404623350100759e-07	-4.523561956057013
peak_22946	116	0	13	0.00017109195407360002	0.00037893148436996454	-3.807354922057604
peak_22984	280	19	120	2.1642332361111253e-24	7.112647809516175e-23	-2.596935142387232
peak_23007	691	0	44	5.6067817296175924e-14	5.037203903116758e-13	-5.491853096329675
peak_23039	346	0	40	5.499919716383841e-13	4.310244774655275e-12	-5.357552004618084
peak_23040	173	0	59	8.659916893943728e-21	1.869221044819888e-19	-5.906890595608519
peak_23055	155	0	11	0.0008127002248513742	0.0016337391260429757	-3.584962500721156
peak_23171	240	0	22	2.88061544071614e-07	9.64750496713216e-07	-4.523561956057013
peak_23181	273	0	14	0.00010289273696028616	0.00023524937256539396	-3.9068905956085187
peak_23182	186	0	10	0.0017250892444449553	0.0032283631929473193	-3.4594316186372973
peak_23205	70	0	10	0.001383067414739999	0.002648471488102617	-3.4594316186372973
peak_23228	305	0	55	3.8152795855583616e-18	5.943435537869815e-17	-5.807354922057605
peak_23229	171	0	11	0.0008272433607575282	0.0016577410226982095	-3.584962500721156
peak_23233	83	0	65	1.2903219168558768e-29	6.776185406663748e-28	-6.044394119358453
peak_23235	136	0	25	1.7701169812762e-08	7.06106178748705e-08	-4.700439718141092
peak_23263	180	0	10	0.0017177704802073107	0.00321584815368469	-3.4594316186372973
peak_23309	154	0	16	2.024394263615536e-05	5.158711545201371e-05	-4.087462841250339
peak_23413	292	0	40	4.3366475636606566e-13	3.4463155521509185e-12	-5.357552004618084
peak_23436	271	0	21	6.374872789732817e-07	2.013242528884003e-06	-4.459431618637297
peak_23441	154	0	36	2.864426369476208e-12	2.055125060015747e-11	-5.20945336562895
peak_23469	174	0	29	1.0436480658404814e-09	5.001263638185713e-09	-4.906890595608519
peak_23482	197	0	31	2.5875290320894855e-10	1.3658935636750093e-09	-5.0
peak_23531	405	0	19	3.073436293740465e-06	8.820329284683903e-06	-4.321928094887363
peak_23575	137	0	10	0.0016475056901770456	0.0031002563671081902	-3.4594316186372973
peak_23586	148	0	16	1.9891230763754412e-05	5.07136784337162e-05	-4.087462841250339
peak_23593	65	0	12	0.00027951715768573905	0.0006051255423931809	-3.700439718141092
peak_23644	145	0	23	9.249170480964497e-08	3.346255286223945e-07	-4.584962500721156
peak_23651	349	0	83	8.075255150288353e-28	3.773885296841181e-26	-6.392317422778761
peak_23660	309	11	111	2.51239318110172e-26	9.695553685251636e-25	-3.222392421336448
peak_23661	214	0	74	4.917280897701256e-26	1.8151180357166807e-24	-6.22881869049588
peak_23668	198	0	11	0.0008467026173542678	0.0016914129932559373	-3.584962500721156
peak_23709	108	0	103	4.915840487696851e-56	1.6694194296218508e-53	-6.700439718141092
peak_23714	243	0	14	0.00010068317026379713	0.00023092303886707905	-3.9068905956085187
peak_23723	322	8	106	6.904463880246235e-27	2.85945845577027e-25	-3.571541984958835
peak_23728	103	0	28	8.888801985507511e-10	4.328829571144863e-09	-4.857980995127572
peak_23741	277	0	10	0.0017981923562107541	0.0033406178213953377	-3.4594316186372973
peak_23751	144	0	22	2.0022548831451228e-07	6.831538094267418e-07	-4.523561956057013
peak_23759	265	0	24	6.911484504192813e-08	2.5310641311544353e-07	-4.643856189774724
peak_23779	283	0	56	1.3509648759203476e-18	2.2637549598481087e-17	-5.832890014164742
peak_23780	125	0	25	1.571686754257905e-08	6.30904044617003e-08	-4.700439718141092
peak_23798	81	0	39	8.151012331282806e-15	8.173475751093427e-14	-5.321928094887363
peak_23805	77	0	46	1.5138980597715111e-18	2.5201950053843392e-17	-5.554588851677638
peak_23806	137	0	10	0.0016475056901770456	0.0031002563671081902	-3.4594316186372973
peak_23817	376	0	9	0.0037216129700277764	0.006587177369465425	-3.321928094887362
peak_23840	276	0	23	1.4783181051770434e-07	5.17563740740334e-07	-4.584962500721156
peak_23855	127	0	34	9.052880923422328e-12	5.98900979531342e-11	-5.129283016944966
peak_23860	126	0	20	8.416032976798247e-07	2.609328787815598e-06	-4.392317422778761
peak_23868	127	0	10	0.0016247210441951423	0.0030619049201369053	-3.4594316186372973
peak_23879	58	0	11	0.0005793237388885034	0.0011991365810231761	-3.584962500721156
peak_23882	583	0	18	6.677783510061613e-06	1.809395170226269e-05	-4.247927513443585
peak_23948	181	0	66	1.8413392980034893e-23	5.616636158101661e-22	-6.066089190457772
peak_23954	374	0	23	1.6821570564508692e-07	5.805619398134016e-07	-4.584962500721156
peak_24005	191	0	13	0.000197671879980303	0.0004344005852543846	-3.807354922057604
peak_24026	425	0	32	2.53997022823416e-10	1.343573036617322e-09	-5.044394119358453
peak_24041	365	14	62	4.067483187298838e-09	1.7815786204729392e-08	-2.070389327891398
peak_24062	279	0	35	1.8664313459512577e-11	1.1796031360143557e-10	-5.169925001442312
peak_24083	227	0	51	3.7375888141257546e-17	4.971090709962557e-16	-5.700439718141092
peak_24085	149	0	46	4.610200139841544e-16	5.5127604489091134e-15	-5.554588851677638
peak_24131	165	0	19	2.202478099978957e-06	6.485215862018964e-06	-4.321928094887363
peak_24135	78	0	14	6.439598550255204e-05	0.00015186719914351854	-3.9068905956085187
peak_24145	249	0	25	3.162258532612847e-08	1.211168794370665e-07	-4.700439718141092
peak_24146	142	0	22	1.9758961937802372e-07	6.755177994037939e-07	-4.523561956057013
peak_24188	70	0	20	3.914209055969217e-07	1.2822495775631633e-06	-4.392317422778761
peak_24293	223	0	14	9.890489532148168e-05	0.00022735628915506663	-3.9068905956085187
peak_24294	315	0	30	9.024068579147119e-10	4.3779624135405165e-09	-4.954196310386875
peak_24297	238	0	28	3.2057783814085607e-09	1.4237345313770888e-08	-4.857980995127572
peak_24307	251	0	17	1.153030149274062e-05	3.0291570811769324e-05	-4.169925001442312
peak_24309	356	0	18	6.120739526872328e-06	1.6682208212887982e-05	-4.247927513443585
peak_24354	739	0	111	8.825561539533799e-36	7.136096901965901e-34	-6.807354922057605
peak_24361	375	0	36	1.2046470190244916e-11	7.87737087921792e-11	-5.20945336562895
peak_24444	236	0	22	2.8549295730934107e-07	9.567770556143312e-07	-4.523561956057013
peak_24465	99	0	30	1.3904886735022752e-10	7.657458705751989e-10	-4.954196310386875
peak_24473	382	0	10	0.0018400393575791	0.0033997680404453884	-3.4594316186372973
peak_24480	408	0	40	6.658708691881748e-13	5.162779615897355e-12	-5.357552004618084
peak_24514	35	0	13	6.220633426366362e-05	0.00014697544839475997	-3.807354922057604
peak_24531	224	0	14	9.900077627891494e-05	0.00022747404346630252	-3.9068905956085187
peak_24543	146	0	43	5.987445609506076e-15	6.063627820044522e-14	-5.459431618637297
peak_24562	176	0	60	3.915345202519304e-21	8.825118788333334e-20	-5.930737337562886
peak_24573	368	0	10	0.0018358142401905995	0.0033951358213417876	-3.4594316186372973
peak_24582	496	0	29	2.4441637992330827e-09	1.1077019922858829e-08	-4.906890595608519
peak_24586	199	0	11	0.0008473265608125784	0.0016919958842725497	-3.584962500721156
peak_24587	200	0	43	1.8078855849392977e-14	1.708602814412019e-13	-5.459431618637297
peak_24591	212	10	99	4.900189694757325e-25	1.6641044203395874e-23	-3.1844245711374275
peak_24593	90	0	16	1.469848196711778e-05	3.8084469552643935e-05	-4.087462841250339
peak_24625	212	0	41	1.0677249971677328e-13	9.218629043343102e-13	-5.392317422778761
peak_24630	225	0	11	0.0008616807367934693	0.0017139405205880253	-3.584962500721156
peak_24631	40	0	8	0.00530605167331368	0.009231225144760893	-3.1699250014423126
peak_24682	77	0	14	6.381062593000863e-05	0.00015055642820169707	-3.9068905956085187
peak_24685	197	10	51	7.993962566804322e-09	3.346034947847265e-08	-2.241008099503795
peak_24710	121	0	43	2.376052865465651e-15	2.5427759026642914e-14	-5.459431618637297
peak_24713	73	0	10	0.0014042436838989215	0.002681115939198316	-3.4594316186372973
peak_24756	320	0	19	2.897012638307454e-06	8.372554049789335e-06	-4.321928094887363
peak_24758	262	0	29	1.6410216465939946e-09	7.62715717860384e-09	-4.906890595608519
peak_24785	188	5	29	1.7020275217514973e-05	4.3810652833765165e-05	-2.321928094887362
peak_24790	294	0	18	5.834454963217195e-06	1.603924100519611e-05	-4.247927513443585
peak_24849	65	0	27	4.829576489115888e-10	2.450198270862579e-09	-4.807354922057605
peak_24860	165	0	43	9.720101724886469e-15	9.614407414868286e-14	-5.459431618637297
peak_24978	283	0	46	3.881192810416718e-15	4.010303484028958e-14	-5.554588851677638
peak_24994	297	0	35	2.0083398401672683e-11	1.2583620105549896e-10	-5.169925001442312
peak_25009	185	0	21	5.227588594848786e-07	1.6737483533727035e-06	-4.459431618637297
peak_25025	232	0	11	0.0008650169869574122	0.0017185633898444065	-3.584962500721156
peak_25031	118	0	19	1.7362168777229557e-06	5.154014437716047e-06	-4.321928094887363
peak_25036	215	0	33	6.159175600106592e-11	3.60216308920126e-10	-5.087462841250339
peak_25043	199	0	29	1.240200326315431e-09	5.887773030988635e-09	-4.906890595608519
peak_25109	118	0	13	0.0001721852579297768	0.0003811871811796102	-3.807354922057604
peak_25116	90	0	32	1.608565155977756e-11	1.0306288106515629e-10	-5.044394119358453
peak_25117	114	0	23	6.943709683218709e-08	2.539214438357222e-07	-4.584962500721156
peak_25127	166	0	20	1.0380259323163663e-06	3.168186997734913e-06	-4.392317422778761
peak_25203	735	0	45	2.8380280276830393e-14	2.6381231337623e-13	-5.523561956057013
peak_25210	143	0	25	1.889366388588576e-08	7.466588350248414e-08	-4.700439718141092
peak_25237	238	19	80	3.248732892829009e-12	2.3016752929166858e-11	-2.0179219079972626
peak_25240	133	0	28	1.5217543507724262e-09	7.092238483837822e-09	-4.857980995127572
peak_25245	152	5	38	3.253059070144178e-08	1.2431420032493954e-07	-2.700439718141092
peak_25255	74	0	14	6.198470602831141e-05	0.0001465197645049737	-3.9068905956085187
peak_25269	189	0	33	5.039204749230276e-11	2.9848498828580263e-10	-5.087462841250339
peak_25270	365	0	49	6.316928313820942e-16	7.280188423213547e-15	-5.643856189774724
peak_25335	279	0	32	1.8142210825955698e-10	9.85249700931965e-10	-5.044394119358453
peak_25350	56	0	46	1.0803170842152553e-21	2.645738089900245e-20	-5.554588851677638
peak_25361	345	0	15	5.224779953244319e-05	0.00012419518936923268	-4.0
peak_25363	176	0	26	1.100300931023975e-08	4.516464901398976e-08	-4.754887502163468
peak_25382	313	0	72	4.162763997323584e-24	1.3420961900231859e-22	-6.189824558880018
peak_25394	308	0	11	0.0008917628644050454	0.001757987628204064	-3.584962500721156
peak_25433	250	0	34	3.493739368313924e-11	2.1212286462683107e-10	-5.129283016944966
peak_25434	280	0	14	0.00010334431248698387	0.00023617583122866569	-3.9068905956085187
peak_25446	158	0	25	2.12713783758759e-08	8.343089627671935e-08	-4.700439718141092
peak_25515	160	0	30	4.15613432276335e-10	2.1235053400357575e-09	-4.954196310386875
peak_25526	116	10	66	1.216788289306017e-15	1.3474607708097503e-14	-2.606657571820475
peak_25529	73	0	20	4.2221537530271256e-07	1.371661429714297e-06	-4.392317422778761
peak_25586	599	0	30	1.2836222716546414e-09	6.072792989328211e-09	-4.954196310386875
peak_25616	136	0	40	6.248261530312152e-14	5.593786333112497e-13	-5.357552004618084
peak_25623	242	0	26	1.4663894022386683e-08	5.8956492620392864e-08	-4.754887502163468
peak_25626	161	0	38	6.104111040124652e-13	4.75448648905122e-12	-5.285402218862249
peak_25695	361	0	69	9.290086589930093e-23	2.5442850047905317e-21	-6.129283016944966
peak_25729	194	0	32	1.1562374250564011e-10	6.451120967401213e-10	-5.044394119358453
peak_25770	429	0	67	8.268337584779378e-22	2.0347300317326646e-20	-6.087462841250339
peak_25773	348	0	81	4.216069542884631e-27	1.8356118163636162e-25	-6.357552004618084
peak_25811	168	0	21	4.899213617237994e-07	1.5765378500448732e-06	-4.459431618637297
peak_25842	399	0	63	1.5189763564238803e-20	3.1805171174893616e-19	-6.0
peak_25853	465	0	63	2.2780710291661956e-20	4.679231380069597e-19	-6.0
peak_25875	369	14	109	1.4003952513537536e-22	3.658263287382575e-21	-2.8744691179161412
peak_25877	321	26	112	4.271955710487475e-17	5.6185277242865625e-16	-2.065291460251719
peak_25885	263	0	17	1.1683539032599597e-05	3.0646729058734476e-05	-4.169925001442312
peak_25913	149	0	12	0.00038779001671753355	0.0008244584078293473	-3.700439718141092
peak_25933	110	0	32	3.310868126949564e-11	2.0174117510384064e-10	-5.044394119358453
peak_25958	335	0	60	9.508158476084705e-20	1.820848093126898e-18	-5.930737337562886
peak_25960	111	0	48	1.0198136232885066e-17	1.4758325559749013e-16	-5.614709844115208
peak_26078	313	10	135	3.338774598124333e-36	2.7881504594828447e-34	-3.6280312226130422
peak_26079	80	0	16	1.3280075846938984e-05	3.449704557078388e-05	-4.087462841250339
peak_26125	217	0	16	2.290830217733531e-05	5.754185961111739e-05	-4.087462841250339
peak_26154	338	0	25	3.760546560541912e-08	1.422139879688233e-07	-4.700439718141092
peak_26190	55	0	13	0.00010946045046428752	0.0002488137147099869	-3.807354922057604
peak_26229	186	0	24	5.396392400215391e-08	1.9977632911843895e-07	-4.643856189774724
peak_26256	213	0	30	6.211924207261155e-10	3.1023080305674826e-09	-4.954196310386875
peak_26319	153	0	27	4.2365176990824055e-09	1.8524310007833282e-08	-4.807354922057605
peak_26355	182	0	22	2.4281031059362547e-07	8.218443336637396e-07	-4.523561956057013
peak_26360	139	0	11	0.0007950295505531788	0.0016026436606719006	-3.584962500721156
peak_26361	217	0	15	4.751771590249256e-05	0.00011401565935341361	-4.0
peak_26384	152	0	29	8.511444136990771e-10	4.164966035910757e-09	-4.906890595608519
peak_26416	145	0	17	9.27755247082216e-06	2.4691667861216344e-05	-4.169925001442312
peak_26422	183	0	34	2.1479188382883655e-11	1.3392287101886088e-10	-5.129283016944966
peak_26465	112	0	18	3.63352800804221e-06	1.0294322398758076e-05	-4.247927513443585
peak_26466	173	0	34	1.9269341797144508e-11	1.213325427869643e-10	-5.129283016944966
peak_26482	275	0	19	2.7650692890628184e-06	8.021220363602503e-06	-4.321928094887363
peak_26498	106	0	48	6.772936274943938e-18	1.0088110346363865e-16	-5.614709844115208
peak_26500	565	0	23	1.8972388225249534e-07	6.5081040821159e-07	-4.584962500721156
peak_26526	162	0	42	2.1346930893715296e-14	2.006296420158408e-13	-5.426264754702098
peak_26596	125	0	14	8.306404844320129e-05	0.00019382879650465753	-3.9068905956085187
peak_26603	509	0	90	2.148471824261e-29	1.1054864113924783e-27	-6.507794640198696
peak_26611	143	0	20	9.343856121343906e-07	2.8742513938481797e-06	-4.392317422778761
peak_26617	252	0	44	1.45282580187046e-14	1.3937278031503055e-13	-5.491853096329675
peak_26634	363	0	105	7.23330251937957e-36	5.9429746828579885e-34	-6.7279204545632
peak_26650	374	0	27	9.15997536833561e-09	3.78434018867004e-08	-4.807354922057605
peak_26657	246	0	78	4.525783362641947e-27	1.9373395335544606e-25	-6.303780748177103
peak_26665	363	0	20	1.4575380960351715e-06	4.364902446327551e-06	-4.392317422778761
peak_26712	260	0	31	3.599777789934132e-10	1.863543502228096e-09	-5.0
peak_26724	718	0	27	1.1616192493668629e-08	4.7452192913190054e-08	-4.807354922057605
peak_26728	468	0	11	0.0009202175975086529	0.0018056966262361624	-3.584962500721156
peak_26753	188	0	52	7.333269218009118e-18	1.0827731419286507e-16	-5.7279204545632
peak_26754	301	0	16	2.487033229084101e-05	6.198115102228185e-05	-4.087462841250339
peak_26772	183	0	35	9.639756232077303e-12	6.344304682971807e-11	-5.169925001442312
peak_26778	361	0	18	6.139915468139242e-06	1.6725523740481976e-05	-4.247927513443585
peak_26781	77	0	40	1.736700811970139e-15	1.8984450506815208e-14	-5.357552004618084
peak_26818	111	0	45	2.0249183962411217e-16	2.4915300266792932e-15	-5.523561956057013
peak_26826	182	0	40	1.6342818612015553e-13	1.38289564800012e-12	-5.357552004618084
peak_26841	58	0	58	3.256682344093458e-34	2.439638214825305e-32	-5.882643049361842
peak_26855	175	0	16	2.1315423094053822e-05	5.399341881706125e-05	-4.087462841250339
peak_26865	145	0	35	5.630124974310981e-12	3.86520978694611e-11	-5.169925001442312
peak_26869	199	0	32	1.2011479375507293e-10	6.672461934442109e-10	-5.044394119358453
peak_26881	194	0	9	0.0035527019745520464	0.006323362633951127	-3.321928094887362
peak_26924	341	8	37	8.048218133403718e-06	2.16118203329249e-05	-2.078002512001273
peak_26955	254	0	20	1.2926126634432083e-06	3.907756028237213e-06	-4.392317422778761
peak_26956	156	0	11	0.0008136914325765504	0.0016350864526804528	-3.584962500721156
peak_26982	161	0	11	0.000818473339910014	0.0016427514552803826	-3.584962500721156
peak_26993	200	0	100	8.077999966565502e-38	7.481696696306303e-36	-6.658211482751795
peak_27005	211	0	109	1.4579329397274402e-41	2.1219172557061657e-39	-6.78135971352466
peak_27049	344	26	123	4.514086692373628e-20	9.017552004294612e-19	-2.1993088082234067
peak_27055	174	0	42	2.716606475258037e-14	2.529870819920373e-13	-5.426264754702098
peak_27072	167	0	32	9.009080974694867e-11	5.110496490545174e-10	-5.044394119358453
peak_27091	170	0	18	4.746265603697844e-06	1.3291631107881702e-05	-4.247927513443585
peak_27108	247	0	25	3.145212036645901e-08	1.2055462840236432e-07	-4.700439718141092
peak_27116	229	0	60	2.0091627652575655e-20	4.16043704317969e-19	-5.930737337562886
peak_27138	124	0	30	2.528574392530527e-10	1.3389353384148135e-09	-4.954196310386875
peak_27141	142	0	33	2.8361575196774436e-11	1.7469632896296128e-10	-5.087462841250339
peak_27144	168	0	25	2.2729397696690643e-08	8.879106738262433e-08	-4.700439718141092
peak_27148	102	0	76	1.3865450681421722e-33	9.544676455562467e-32	-6.266786540694901
