clusters	baseline_props	mean_props_nc_larvae	mean_props_fc_larvae	adjusted_p_values
epithelia.cuticle.Osi14_12	0.02277637182889945	0.026528568120711592	0.010324123092971923	0.15171646630726976
epithelia.cuticle.Osi16_2	0.09116721190049996	0.11155085264133197	0.04562643190252612	0.01758164851738659
epithelia.cuticle.Osi17_4	0.07499537065613233	0.06068148070887007	0.0985380912381964	0.09524456946881224
epithelia.cuticle.Osi18_6	0.03968890809209308	0.02825656740559166	0.05553032130067441	0.24469273279436193
epithelia.cuticle.biosynthesis_13	0.02246774890438862	0.007727100462621479	0.04731113220222099	0.01251058523083463
epithelia.cuticle.cp.other_1	0.1095611382013456	0.11319575327755087	0.10005684779655502	0.44362141331444127
epithelia.cuticle.cp.rigid_7	0.037960619714832416	0.02952527108832406	0.050991252901807824	0.23515425553948122
epithelia.cuticle.cp.soft_3	0.07869884575026233	0.08666257878967953	0.057548979951011756	0.21327091889956548
epithelia.olfactory.support_9	0.03141781371520277	0.04297349637940852	0.00547239712752891	0.011613180339545698
epithelia.tendon_5	0.05579902475155855	0.06558396653679074	0.03291195873337251	0.07649602037226486
fat.body_10	0.030862292451083267	0.022224006516343542	0.04297222318790482	0.19642424566937217
gland.corpora-allata_22	0.00302450466020616	0.003105686187670964	0.0010231111409424835	0.6471816014613507
glia1_8	0.0326523054132461	0.02905911959360001	0.03685798248855969	0.4792343079490228
glia2_18	0.010801802357879144	0.007472596626910777	0.0159024554240325	0.4413899922352432
hemocyte_16	0.017961854206530462	0.012709951406779085	0.023346061647003768	0.3905143838710725
muscle.rbm24_0	0.23646688476019997	0.23967983681527538	0.22868663084901172	0.5042147801076586
muscle.tup_19	0.008394543546694649	0.006642437484769089	0.008935372063588614	0.6267930332535501
neuroglioblast.castor_17	0.0166039133386828	0.013514125613768016	0.020442924592651714	0.5160931828616678
neuroglioblast.ol_14	0.02154188013085612	0.015811075467778893	0.029976641322764053	0.30431328819968095
neuron.chol.ciliated_20	0.0059872847355101535	0.003334616806782694	0.008374949031050748	0.44621849458592233
neuron.cholinergic_11	0.02580087648910561	0.020147937315045675	0.030918296094376893	0.45989120442345793
secretory-ECM_21	0.004135547188445158	0.0007225169200538608	0.009056355663991406	0.10787153376724917
trachea_15	0.021233257206345287	0.024558775647276626	0.011641863167584867	0.24844208640711984
